Job ID: 3003053
Start time: Wed Mar 18 01:01:09 CDT 2026
Requirement already satisfied: torch>=1.9.0 in /home/zel9906/env/lib/python3.12/site-packages (from -r /home/zel9906/STAT390_Team4/Presentation_4_code_Zoe_mar17/requirements.txt (line 2)) (2.9.0)
Requirement already satisfied: torchvision>=0.10.0 in /home/zel9906/env/lib/python3.12/site-packages (from -r /home/zel9906/STAT390_Team4/Presentation_4_code_Zoe_mar17/requirements.txt (line 3)) (0.24.0)
Requirement already satisfied: numpy>=1.21.0 in /home/zel9906/env/lib/python3.12/site-packages (from -r /home/zel9906/STAT390_Team4/Presentation_4_code_Zoe_mar17/requirements.txt (line 4)) (2.3.4)
Requirement already satisfied: pandas>=1.3.0 in /home/zel9906/env/lib/python3.12/site-packages (from -r /home/zel9906/STAT390_Team4/Presentation_4_code_Zoe_mar17/requirements.txt (line 5)) (2.3.3)
Requirement already satisfied: scikit-learn>=1.0.0 in /home/zel9906/env/lib/python3.12/site-packages (from -r /home/zel9906/STAT390_Team4/Presentation_4_code_Zoe_mar17/requirements.txt (line 6)) (1.7.2)
Requirement already satisfied: Pillow>=8.3.0 in /home/zel9906/env/lib/python3.12/site-packages (from -r /home/zel9906/STAT390_Team4/Presentation_4_code_Zoe_mar17/requirements.txt (line 7)) (12.0.0)
Requirement already satisfied: tqdm>=4.62.0 in /home/zel9906/env/lib/python3.12/site-packages (from -r /home/zel9906/STAT390_Team4/Presentation_4_code_Zoe_mar17/requirements.txt (line 8)) (4.67.1)
Requirement already satisfied: matplotlib>=3.5.0 in /home/zel9906/env/lib/python3.12/site-packages (from -r /home/zel9906/STAT390_Team4/Presentation_4_code_Zoe_mar17/requirements.txt (line 11)) (3.10.7)
Requirement already satisfied: seaborn>=0.11.0 in /home/zel9906/env/lib/python3.12/site-packages (from -r /home/zel9906/STAT390_Team4/Presentation_4_code_Zoe_mar17/requirements.txt (line 12)) (0.13.2)
Requirement already satisfied: optuna>=3.0.0 in /home/zel9906/env/lib/python3.12/site-packages (from -r /home/zel9906/STAT390_Team4/Presentation_4_code_Zoe_mar17/requirements.txt (line 15)) (4.7.0)
Requirement already satisfied: psutil>=5.8.0 in /home/zel9906/env/lib/python3.12/site-packages (from -r /home/zel9906/STAT390_Team4/Presentation_4_code_Zoe_mar17/requirements.txt (line 18)) (7.1.2)
Requirement already satisfied: imbalanced-learn>=0.8.0 in /home/zel9906/env/lib/python3.12/site-packages (from -r /home/zel9906/STAT390_Team4/Presentation_4_code_Zoe_mar17/requirements.txt (line 21)) (0.14.0)
Requirement already satisfied: filelock in /home/zel9906/env/lib/python3.12/site-packages (from torch>=1.9.0->-r /home/zel9906/STAT390_Team4/Presentation_4_code_Zoe_mar17/requirements.txt (line 2)) (3.20.0)
Requirement already satisfied: typing-extensions>=4.10.0 in /home/zel9906/env/lib/python3.12/site-packages (from torch>=1.9.0->-r /home/zel9906/STAT390_Team4/Presentation_4_code_Zoe_mar17/requirements.txt (line 2)) (4.15.0)
Requirement already satisfied: setuptools in /home/zel9906/env/lib/python3.12/site-packages (from torch>=1.9.0->-r /home/zel9906/STAT390_Team4/Presentation_4_code_Zoe_mar17/requirements.txt (line 2)) (80.9.0)
Requirement already satisfied: sympy>=1.13.3 in /home/zel9906/env/lib/python3.12/site-packages (from torch>=1.9.0->-r /home/zel9906/STAT390_Team4/Presentation_4_code_Zoe_mar17/requirements.txt (line 2)) (1.14.0)
Requirement already satisfied: networkx>=2.5.1 in /home/zel9906/env/lib/python3.12/site-packages (from torch>=1.9.0->-r /home/zel9906/STAT390_Team4/Presentation_4_code_Zoe_mar17/requirements.txt (line 2)) (3.5)
Requirement already satisfied: jinja2 in /home/zel9906/env/lib/python3.12/site-packages (from torch>=1.9.0->-r /home/zel9906/STAT390_Team4/Presentation_4_code_Zoe_mar17/requirements.txt (line 2)) (3.1.6)
Requirement already satisfied: fsspec>=0.8.5 in /home/zel9906/env/lib/python3.12/site-packages (from torch>=1.9.0->-r /home/zel9906/STAT390_Team4/Presentation_4_code_Zoe_mar17/requirements.txt (line 2)) (2025.9.0)
Requirement already satisfied: nvidia-cuda-nvrtc-cu12==12.8.93 in /home/zel9906/env/lib/python3.12/site-packages (from torch>=1.9.0->-r /home/zel9906/STAT390_Team4/Presentation_4_code_Zoe_mar17/requirements.txt (line 2)) (12.8.93)
Requirement already satisfied: nvidia-cuda-runtime-cu12==12.8.90 in /home/zel9906/env/lib/python3.12/site-packages (from torch>=1.9.0->-r /home/zel9906/STAT390_Team4/Presentation_4_code_Zoe_mar17/requirements.txt (line 2)) (12.8.90)
Requirement already satisfied: nvidia-cuda-cupti-cu12==12.8.90 in /home/zel9906/env/lib/python3.12/site-packages (from torch>=1.9.0->-r /home/zel9906/STAT390_Team4/Presentation_4_code_Zoe_mar17/requirements.txt (line 2)) (12.8.90)
Requirement already satisfied: nvidia-cudnn-cu12==9.10.2.21 in /home/zel9906/env/lib/python3.12/site-packages (from torch>=1.9.0->-r /home/zel9906/STAT390_Team4/Presentation_4_code_Zoe_mar17/requirements.txt (line 2)) (9.10.2.21)
Requirement already satisfied: nvidia-cublas-cu12==12.8.4.1 in /home/zel9906/env/lib/python3.12/site-packages (from torch>=1.9.0->-r /home/zel9906/STAT390_Team4/Presentation_4_code_Zoe_mar17/requirements.txt (line 2)) (12.8.4.1)
Requirement already satisfied: nvidia-cufft-cu12==11.3.3.83 in /home/zel9906/env/lib/python3.12/site-packages (from torch>=1.9.0->-r /home/zel9906/STAT390_Team4/Presentation_4_code_Zoe_mar17/requirements.txt (line 2)) (11.3.3.83)
Requirement already satisfied: nvidia-curand-cu12==10.3.9.90 in /home/zel9906/env/lib/python3.12/site-packages (from torch>=1.9.0->-r /home/zel9906/STAT390_Team4/Presentation_4_code_Zoe_mar17/requirements.txt (line 2)) (10.3.9.90)
Requirement already satisfied: nvidia-cusolver-cu12==11.7.3.90 in /home/zel9906/env/lib/python3.12/site-packages (from torch>=1.9.0->-r /home/zel9906/STAT390_Team4/Presentation_4_code_Zoe_mar17/requirements.txt (line 2)) (11.7.3.90)
Requirement already satisfied: nvidia-cusparse-cu12==12.5.8.93 in /home/zel9906/env/lib/python3.12/site-packages (from torch>=1.9.0->-r /home/zel9906/STAT390_Team4/Presentation_4_code_Zoe_mar17/requirements.txt (line 2)) (12.5.8.93)
Requirement already satisfied: nvidia-cusparselt-cu12==0.7.1 in /home/zel9906/env/lib/python3.12/site-packages (from torch>=1.9.0->-r /home/zel9906/STAT390_Team4/Presentation_4_code_Zoe_mar17/requirements.txt (line 2)) (0.7.1)
Requirement already satisfied: nvidia-nccl-cu12==2.27.5 in /home/zel9906/env/lib/python3.12/site-packages (from torch>=1.9.0->-r /home/zel9906/STAT390_Team4/Presentation_4_code_Zoe_mar17/requirements.txt (line 2)) (2.27.5)
Requirement already satisfied: nvidia-nvshmem-cu12==3.3.20 in /home/zel9906/env/lib/python3.12/site-packages (from torch>=1.9.0->-r /home/zel9906/STAT390_Team4/Presentation_4_code_Zoe_mar17/requirements.txt (line 2)) (3.3.20)
Requirement already satisfied: nvidia-nvtx-cu12==12.8.90 in /home/zel9906/env/lib/python3.12/site-packages (from torch>=1.9.0->-r /home/zel9906/STAT390_Team4/Presentation_4_code_Zoe_mar17/requirements.txt (line 2)) (12.8.90)
Requirement already satisfied: nvidia-nvjitlink-cu12==12.8.93 in /home/zel9906/env/lib/python3.12/site-packages (from torch>=1.9.0->-r /home/zel9906/STAT390_Team4/Presentation_4_code_Zoe_mar17/requirements.txt (line 2)) (12.8.93)
Requirement already satisfied: nvidia-cufile-cu12==1.13.1.3 in /home/zel9906/env/lib/python3.12/site-packages (from torch>=1.9.0->-r /home/zel9906/STAT390_Team4/Presentation_4_code_Zoe_mar17/requirements.txt (line 2)) (1.13.1.3)
Requirement already satisfied: triton==3.5.0 in /home/zel9906/env/lib/python3.12/site-packages (from torch>=1.9.0->-r /home/zel9906/STAT390_Team4/Presentation_4_code_Zoe_mar17/requirements.txt (line 2)) (3.5.0)
Requirement already satisfied: python-dateutil>=2.8.2 in /home/zel9906/env/lib/python3.12/site-packages (from pandas>=1.3.0->-r /home/zel9906/STAT390_Team4/Presentation_4_code_Zoe_mar17/requirements.txt (line 5)) (2.9.0.post0)
Requirement already satisfied: pytz>=2020.1 in /home/zel9906/env/lib/python3.12/site-packages (from pandas>=1.3.0->-r /home/zel9906/STAT390_Team4/Presentation_4_code_Zoe_mar17/requirements.txt (line 5)) (2025.2)
Requirement already satisfied: tzdata>=2022.7 in /home/zel9906/env/lib/python3.12/site-packages (from pandas>=1.3.0->-r /home/zel9906/STAT390_Team4/Presentation_4_code_Zoe_mar17/requirements.txt (line 5)) (2025.2)
Requirement already satisfied: scipy>=1.8.0 in /home/zel9906/env/lib/python3.12/site-packages (from scikit-learn>=1.0.0->-r /home/zel9906/STAT390_Team4/Presentation_4_code_Zoe_mar17/requirements.txt (line 6)) (1.16.3)
Requirement already satisfied: joblib>=1.2.0 in /home/zel9906/env/lib/python3.12/site-packages (from scikit-learn>=1.0.0->-r /home/zel9906/STAT390_Team4/Presentation_4_code_Zoe_mar17/requirements.txt (line 6)) (1.5.2)
Requirement already satisfied: threadpoolctl>=3.1.0 in /home/zel9906/env/lib/python3.12/site-packages (from scikit-learn>=1.0.0->-r /home/zel9906/STAT390_Team4/Presentation_4_code_Zoe_mar17/requirements.txt (line 6)) (3.6.0)
Requirement already satisfied: contourpy>=1.0.1 in /home/zel9906/env/lib/python3.12/site-packages (from matplotlib>=3.5.0->-r /home/zel9906/STAT390_Team4/Presentation_4_code_Zoe_mar17/requirements.txt (line 11)) (1.3.3)
Requirement already satisfied: cycler>=0.10 in /home/zel9906/env/lib/python3.12/site-packages (from matplotlib>=3.5.0->-r /home/zel9906/STAT390_Team4/Presentation_4_code_Zoe_mar17/requirements.txt (line 11)) (0.12.1)
Requirement already satisfied: fonttools>=4.22.0 in /home/zel9906/env/lib/python3.12/site-packages (from matplotlib>=3.5.0->-r /home/zel9906/STAT390_Team4/Presentation_4_code_Zoe_mar17/requirements.txt (line 11)) (4.60.1)
Requirement already satisfied: kiwisolver>=1.3.1 in /home/zel9906/env/lib/python3.12/site-packages (from matplotlib>=3.5.0->-r /home/zel9906/STAT390_Team4/Presentation_4_code_Zoe_mar17/requirements.txt (line 11)) (1.4.9)
Requirement already satisfied: packaging>=20.0 in /home/zel9906/env/lib/python3.12/site-packages (from matplotlib>=3.5.0->-r /home/zel9906/STAT390_Team4/Presentation_4_code_Zoe_mar17/requirements.txt (line 11)) (25.0)
Requirement already satisfied: pyparsing>=3 in /home/zel9906/env/lib/python3.12/site-packages (from matplotlib>=3.5.0->-r /home/zel9906/STAT390_Team4/Presentation_4_code_Zoe_mar17/requirements.txt (line 11)) (3.2.5)
Requirement already satisfied: alembic>=1.5.0 in /home/zel9906/env/lib/python3.12/site-packages (from optuna>=3.0.0->-r /home/zel9906/STAT390_Team4/Presentation_4_code_Zoe_mar17/requirements.txt (line 15)) (1.18.3)
Requirement already satisfied: colorlog in /home/zel9906/env/lib/python3.12/site-packages (from optuna>=3.0.0->-r /home/zel9906/STAT390_Team4/Presentation_4_code_Zoe_mar17/requirements.txt (line 15)) (6.10.1)
Requirement already satisfied: sqlalchemy>=1.4.2 in /home/zel9906/env/lib/python3.12/site-packages (from optuna>=3.0.0->-r /home/zel9906/STAT390_Team4/Presentation_4_code_Zoe_mar17/requirements.txt (line 15)) (2.0.46)
Requirement already satisfied: PyYAML in /home/zel9906/env/lib/python3.12/site-packages (from optuna>=3.0.0->-r /home/zel9906/STAT390_Team4/Presentation_4_code_Zoe_mar17/requirements.txt (line 15)) (6.0.3)
Requirement already satisfied: Mako in /home/zel9906/env/lib/python3.12/site-packages (from alembic>=1.5.0->optuna>=3.0.0->-r /home/zel9906/STAT390_Team4/Presentation_4_code_Zoe_mar17/requirements.txt (line 15)) (1.3.10)
Requirement already satisfied: six>=1.5 in /home/zel9906/env/lib/python3.12/site-packages (from python-dateutil>=2.8.2->pandas>=1.3.0->-r /home/zel9906/STAT390_Team4/Presentation_4_code_Zoe_mar17/requirements.txt (line 5)) (1.17.0)
Requirement already satisfied: greenlet>=1 in /home/zel9906/env/lib/python3.12/site-packages (from sqlalchemy>=1.4.2->optuna>=3.0.0->-r /home/zel9906/STAT390_Team4/Presentation_4_code_Zoe_mar17/requirements.txt (line 15)) (3.3.1)
Requirement already satisfied: mpmath<1.4,>=1.1.0 in /home/zel9906/env/lib/python3.12/site-packages (from sympy>=1.13.3->torch>=1.9.0->-r /home/zel9906/STAT390_Team4/Presentation_4_code_Zoe_mar17/requirements.txt (line 2)) (1.3.0)
Requirement already satisfied: MarkupSafe>=2.0 in /home/zel9906/env/lib/python3.12/site-packages (from jinja2->torch>=1.9.0->-r /home/zel9906/STAT390_Team4/Presentation_4_code_Zoe_mar17/requirements.txt (line 2)) (3.0.3)
Requirement already satisfied: certifi in /home/zel9906/env/lib/python3.12/site-packages (2026.2.25)

Running split_1_data_splits_new_01 | seed=1
Random seed set to 1
Using CPU
Created run directory: /projects/e32998/MIL_training/final_runs/run_20260318_010205
================================================================================
HIERARCHICAL ATTENTION MIL TRAINING
================================================================================
Split: split_1_data_splits_new_01
Seed: 1
Arguments: {'labels_csv': '/projects/e32998/STAT390_Krish/Code/Code4_reduce_runtime/extra_benign_case_grade_match.csv', 'patches_dir': '/projects/e32998/patches_benign_split', 'epochs': 30, 'lr': 0.000208, 'batch_size': 1, 'num_workers': 2, 'embed_dim': 512, 'per_slice_cap': 500, 'max_slices_per_stain': 5, 'seed': 1, 'resume': None, 'eval_only': False, 'analyze_attention': False, 'attention_top_n': 5, 'load_splits': '/home/zel9906/STAT390_Team4/Presentation_4_code_Zoe_mar17/no_train_val_leakage_splits/data_splits_new_01.npz', 'multi_run': True, 'splits_dir': '/home/zel9906/STAT390_Team4/Presentation_4_code_Zoe_mar17/no_train_val_leakage_splits', 'seeds': [1, 2, 3, 4, 5, 6, 7, 8, 9, 10], 'aggregate_output_dir': '/home/zel9906/STAT390_Team4/Presentation_4_code_Zoe_mar17/patch_order_results', 'split_name': None, 'checkpoint_dir': '/projects/e32998/MIL_training/final_runs/run_20260318_010205/checkpoints'}
============================================================
PREPARING DATA
============================================================
Loaded 118 labels
Found 83630 patch files
All 3808 non-standard file names were handled.
Grouped into 383 slices
Mapped 371 slices to classes
Class distribution: {1: 238, 0: 133}

----------------------------------------
SPLITTING DATA
----------------------------------------
Loading existing splits from: /home/zel9906/STAT390_Team4/Presentation_4_code_Zoe_mar17/no_train_val_leakage_splits/data_splits_new_01.npz
Data splits loaded from: /home/zel9906/STAT390_Team4/Presentation_4_code_Zoe_mar17/no_train_val_leakage_splits/data_splits_new_01.npz
Loaded splits - Train: 247, Val: 53, Test: 71
Cases per split: 57 18 18
Paths per split: 51810 14101 14130
No leakage between train & val (cases).
No leakage between train & test (cases).
No leakage between val & test (cases).
No leakage between train & val (paths).
No leakage between train & test (paths).
No leakage between val & test (paths).

Data Summary:
==================================================

Label distribution per split:
label   0   1
split        
test    7  11
train  21  36
val     7  11

Mean patches per stain per split:
       h&e_patches  melan_patches  sox10_patches
split                                           
test         404.4          203.2          177.3
train        440.7          258.6          209.6
val          405.0          201.1          177.3

Median patches per stain per split:
       h&e_patches  melan_patches  sox10_patches
split                                           
test         306.0          174.0          148.0
train        328.0          194.0          155.0
val          326.5          167.5          164.0

Missing stain proportion:
       h&e_missing  melan_missing  sox10_missing
split                                           
test           0.0          0.000          0.000
train          0.0          0.035          0.035
val            0.0          0.000          0.000

Total cases: 93
Total patches: 80,041
==================================================

Patch count by class for Train:
  Benign (0):     16334 patches
  High-grade (1): 35476 patches

Patch count by class for Validation:
  Benign (0):     4875 patches
  High-grade (1): 9226 patches

Patch count by class for Test:
  Benign (0):     4571 patches
  High-grade (1): 9559 patches

Data Integrity Check for Train:
Stain coverage:
  h&e: 57/57 (100.0%)
  melan: 55/57 (96.5%)
  sox10: 55/57 (96.5%)
No issues found

Data Integrity Check for Validation:
Stain coverage:
  h&e: 18/18 (100.0%)
  melan: 18/18 (100.0%)
  sox10: 18/18 (100.0%)
No issues found

Data Integrity Check for Test:
Stain coverage:
  h&e: 18/18 (100.0%)
  melan: 18/18 (100.0%)
  sox10: 18/18 (100.0%)
No issues found

============================================================
CREATING DATA LOADERS (POOLED FEATURES)
============================================================
Created data loaders - Train: 57, Val: 18, Test: 18

============================================================
CREATING MODEL
============================================================

Model Summary:
==================================================
Total parameters: 2,493,061
Trainable parameters: 2,493,061
Model size: 9.51 MB
==================================================

============================================================
TRAINING MODEL
============================================================
Starting training from epoch 1 to 30
Device: cpu
Model parameters: 2,493,061
LR scheduler: ReduceLROnPlateau
Patch entropy regularization enabled (lambda=0.001, mode=max, normalize=True) -> maximize entropy (smoother attention)
Early stopping enabled (patience=8, min_delta=0.001, min_epochs=10)

Epoch 1/30 (LR: 2.08e-04)
Train Loss: 1.1589 | Train CE: 1.1599 | Train Patch Entropy: 0.9954 | Val Loss: 0.5678 | Val Acc: 0.7222
Epoch Time: 116.73s
New best validation loss: 0.5678
Checkpoint saved: /projects/e32998/MIL_training/final_runs/run_20260318_010205/checkpoints/20260318_010420_HierarchicalAttnMIL_epoch1.pth
Best checkpoint updated: /projects/e32998/MIL_training/final_runs/run_20260318_010205/checkpoints/best.pth

Epoch 2/30 (LR: 2.08e-04)
Train Loss: 0.4800 | Train CE: 0.4810 | Train Patch Entropy: 0.9751 | Val Loss: 0.5601 | Val Acc: 0.7222
Epoch Time: 123.75s
New best validation loss: 0.5601
Checkpoint saved: /projects/e32998/MIL_training/final_runs/run_20260318_010205/checkpoints/20260318_010624_HierarchicalAttnMIL_epoch2.pth
Best checkpoint updated: /projects/e32998/MIL_training/final_runs/run_20260318_010205/checkpoints/best.pth

Epoch 3/30 (LR: 2.08e-04)
Train Loss: 0.1840 | Train CE: 0.1850 | Train Patch Entropy: 0.9712 | Val Loss: 0.4954 | Val Acc: 0.7778
Epoch Time: 116.34s
New best validation loss: 0.4954
Checkpoint saved: /projects/e32998/MIL_training/final_runs/run_20260318_010205/checkpoints/20260318_010820_HierarchicalAttnMIL_epoch3.pth
Best checkpoint updated: /projects/e32998/MIL_training/final_runs/run_20260318_010205/checkpoints/best.pth

Epoch 4/30 (LR: 2.08e-04)
Train Loss: 0.1619 | Train CE: 0.1629 | Train Patch Entropy: 0.9593 | Val Loss: 1.0782 | Val Acc: 0.5556
Epoch Time: 116.84s
No improvement for 1 epoch(s)
Checkpoint saved: /projects/e32998/MIL_training/final_runs/run_20260318_010205/checkpoints/20260318_011017_HierarchicalAttnMIL_epoch4.pth

Epoch 5/30 (LR: 2.08e-04)
Train Loss: 0.1416 | Train CE: 0.1426 | Train Patch Entropy: 0.9693 | Val Loss: 0.2078 | Val Acc: 0.8889
Epoch Time: 117.83s
New best validation loss: 0.2078
Checkpoint saved: /projects/e32998/MIL_training/final_runs/run_20260318_010205/checkpoints/20260318_011215_HierarchicalAttnMIL_epoch5.pth
Best checkpoint updated: /projects/e32998/MIL_training/final_runs/run_20260318_010205/checkpoints/best.pth

Epoch 6/30 (LR: 2.08e-04)
Train Loss: 0.0296 | Train CE: 0.0305 | Train Patch Entropy: 0.9540 | Val Loss: 0.2143 | Val Acc: 0.8889
Epoch Time: 124.42s
No improvement for 1 epoch(s)
Checkpoint saved: /projects/e32998/MIL_training/final_runs/run_20260318_010205/checkpoints/20260318_011420_HierarchicalAttnMIL_epoch6.pth

Epoch 7/30 (LR: 2.08e-04)
Train Loss: 0.0080 | Train CE: 0.0089 | Train Patch Entropy: 0.9417 | Val Loss: 0.1650 | Val Acc: 0.9444
Epoch Time: 126.50s
New best validation loss: 0.1650
Checkpoint saved: /projects/e32998/MIL_training/final_runs/run_20260318_010205/checkpoints/20260318_011626_HierarchicalAttnMIL_epoch7.pth
Best checkpoint updated: /projects/e32998/MIL_training/final_runs/run_20260318_010205/checkpoints/best.pth

Epoch 8/30 (LR: 2.08e-04)
Train Loss: 0.0216 | Train CE: 0.0225 | Train Patch Entropy: 0.9400 | Val Loss: 0.2089 | Val Acc: 0.8889
Epoch Time: 116.28s
No improvement for 1 epoch(s)
Checkpoint saved: /projects/e32998/MIL_training/final_runs/run_20260318_010205/checkpoints/20260318_011823_HierarchicalAttnMIL_epoch8.pth

Epoch 9/30 (LR: 2.08e-04)
Train Loss: 0.0089 | Train CE: 0.0098 | Train Patch Entropy: 0.9393 | Val Loss: 0.2441 | Val Acc: 0.8889
Epoch Time: 114.95s
No improvement for 2 epoch(s)
Checkpoint saved: /projects/e32998/MIL_training/final_runs/run_20260318_010205/checkpoints/20260318_012018_HierarchicalAttnMIL_epoch9.pth

Epoch 10/30 (LR: 2.08e-04)
Train Loss: 0.0031 | Train CE: 0.0040 | Train Patch Entropy: 0.9228 | Val Loss: 0.1670 | Val Acc: 0.8889
Epoch Time: 127.23s
No improvement for 3 epoch(s)
Checkpoint saved: /projects/e32998/MIL_training/final_runs/run_20260318_010205/checkpoints/20260318_012225_HierarchicalAttnMIL_epoch10.pth

Epoch 11/30 (LR: 2.08e-04)
Train Loss: 0.0005 | Train CE: 0.0014 | Train Patch Entropy: 0.9199 | Val Loss: 0.0913 | Val Acc: 0.9444
Epoch Time: 121.48s
New best validation loss: 0.0913
Checkpoint saved: /projects/e32998/MIL_training/final_runs/run_20260318_010205/checkpoints/20260318_012426_HierarchicalAttnMIL_epoch11.pth
Best checkpoint updated: /projects/e32998/MIL_training/final_runs/run_20260318_010205/checkpoints/best.pth

Epoch 12/30 (LR: 2.08e-04)
Train Loss: -0.0002 | Train CE: 0.0008 | Train Patch Entropy: 0.9168 | Val Loss: 0.0892 | Val Acc: 0.9444
Epoch Time: 131.60s
New best validation loss: 0.0892
Checkpoint saved: /projects/e32998/MIL_training/final_runs/run_20260318_010205/checkpoints/20260318_012638_HierarchicalAttnMIL_epoch12.pth
Best checkpoint updated: /projects/e32998/MIL_training/final_runs/run_20260318_010205/checkpoints/best.pth

Epoch 13/30 (LR: 2.08e-04)
Train Loss: 0.0013 | Train CE: 0.0022 | Train Patch Entropy: 0.9165 | Val Loss: 0.2917 | Val Acc: 0.8333
Epoch Time: 123.79s
No improvement for 1 epoch(s)
Checkpoint saved: /projects/e32998/MIL_training/final_runs/run_20260318_010205/checkpoints/20260318_012842_HierarchicalAttnMIL_epoch13.pth

Epoch 14/30 (LR: 2.08e-04)
Train Loss: 0.0004 | Train CE: 0.0013 | Train Patch Entropy: 0.9151 | Val Loss: 0.1667 | Val Acc: 0.8889
Epoch Time: 130.22s
No improvement for 2 epoch(s)
Checkpoint saved: /projects/e32998/MIL_training/final_runs/run_20260318_010205/checkpoints/20260318_013052_HierarchicalAttnMIL_epoch14.pth

Epoch 15/30 (LR: 2.08e-04)
Train Loss: -0.0005 | Train CE: 0.0004 | Train Patch Entropy: 0.9154 | Val Loss: 0.1564 | Val Acc: 0.8889
Epoch Time: 123.71s
No improvement for 3 epoch(s)
Checkpoint saved: /projects/e32998/MIL_training/final_runs/run_20260318_010205/checkpoints/20260318_013256_HierarchicalAttnMIL_epoch15.pth

Epoch 16/30 (LR: 2.08e-04)
Train Loss: -0.0006 | Train CE: 0.0003 | Train Patch Entropy: 0.9143 | Val Loss: 0.1434 | Val Acc: 0.8889
Epoch Time: 131.40s
No improvement for 4 epoch(s)
Checkpoint saved: /projects/e32998/MIL_training/final_runs/run_20260318_010205/checkpoints/20260318_013507_HierarchicalAttnMIL_epoch16.pth

Epoch 17/30 (LR: 2.08e-04)
Train Loss: -0.0004 | Train CE: 0.0005 | Train Patch Entropy: 0.9120 | Val Loss: 0.1258 | Val Acc: 0.9444
Epoch Time: 123.18s
No improvement for 5 epoch(s)
Checkpoint saved: /projects/e32998/MIL_training/final_runs/run_20260318_010205/checkpoints/20260318_013711_HierarchicalAttnMIL_epoch17.pth

Epoch 18/30 (LR: 4.45e-05)
Train Loss: -0.0007 | Train CE: 0.0003 | Train Patch Entropy: 0.9113 | Val Loss: 0.1230 | Val Acc: 0.9444
Epoch Time: 133.20s
No improvement for 6 epoch(s)
Checkpoint saved: /projects/e32998/MIL_training/final_runs/run_20260318_010205/checkpoints/20260318_013924_HierarchicalAttnMIL_epoch18.pth

Epoch 19/30 (LR: 4.45e-05)
Train Loss: -0.0006 | Train CE: 0.0003 | Train Patch Entropy: 0.9105 | Val Loss: 0.1162 | Val Acc: 0.9444
Epoch Time: 133.84s
No improvement for 7 epoch(s)
Checkpoint saved: /projects/e32998/MIL_training/final_runs/run_20260318_010205/checkpoints/20260318_014138_HierarchicalAttnMIL_epoch19.pth

Epoch 20/30 (LR: 4.45e-05)
Train Loss: -0.0005 | Train CE: 0.0004 | Train Patch Entropy: 0.9107 | Val Loss: 0.1109 | Val Acc: 0.9444
Epoch Time: 121.57s
No improvement for 8 epoch(s)
Checkpoint saved: /projects/e32998/MIL_training/final_runs/run_20260318_010205/checkpoints/20260318_014339_HierarchicalAttnMIL_epoch20.pth

Early stopping triggered at epoch 20. Best val loss: 0.0892

Training completed!

Reloading best checkpoint before test evaluation: /projects/e32998/MIL_training/final_runs/run_20260318_010205/checkpoints/best.pth
Checkpoint loaded: /projects/e32998/MIL_training/final_runs/run_20260318_010205/checkpoints/best.pth (epoch=12)

============================================================
EVALUATING MODEL
============================================================

Test Results:
  Test Loss: 0.2557
  Test Acc:  0.8889
  Samples:   18
Predictions saved to: /projects/e32998/MIL_training/final_runs/run_20260318_010205/predictions_best.csv
Confusion matrix saved to: /projects/e32998/MIL_training/final_runs/run_20260318_010205/confusion_matrix.png

Finished split=split_1_data_splits_new_01, seed=1 in 2530.97s

Running split_1_data_splits_new_01 | seed=2
Random seed set to 2
Using CPU
Created run directory: /projects/e32998/MIL_training/final_runs/run_20260318_014415
================================================================================
HIERARCHICAL ATTENTION MIL TRAINING
================================================================================
Split: split_1_data_splits_new_01
Seed: 2
Arguments: {'labels_csv': '/projects/e32998/STAT390_Krish/Code/Code4_reduce_runtime/extra_benign_case_grade_match.csv', 'patches_dir': '/projects/e32998/patches_benign_split', 'epochs': 30, 'lr': 0.000208, 'batch_size': 1, 'num_workers': 2, 'embed_dim': 512, 'per_slice_cap': 500, 'max_slices_per_stain': 5, 'seed': 2, 'resume': None, 'eval_only': False, 'analyze_attention': False, 'attention_top_n': 5, 'load_splits': '/home/zel9906/STAT390_Team4/Presentation_4_code_Zoe_mar17/no_train_val_leakage_splits/data_splits_new_01.npz', 'multi_run': True, 'splits_dir': '/home/zel9906/STAT390_Team4/Presentation_4_code_Zoe_mar17/no_train_val_leakage_splits', 'seeds': [1, 2, 3, 4, 5, 6, 7, 8, 9, 10], 'aggregate_output_dir': '/home/zel9906/STAT390_Team4/Presentation_4_code_Zoe_mar17/patch_order_results', 'split_name': None, 'checkpoint_dir': '/projects/e32998/MIL_training/final_runs/run_20260318_014415/checkpoints'}
============================================================
PREPARING DATA
============================================================
Loaded 118 labels
Found 83630 patch files
All 3808 non-standard file names were handled.
Grouped into 383 slices
Mapped 371 slices to classes
Class distribution: {1: 238, 0: 133}

----------------------------------------
SPLITTING DATA
----------------------------------------
Loading existing splits from: /home/zel9906/STAT390_Team4/Presentation_4_code_Zoe_mar17/no_train_val_leakage_splits/data_splits_new_01.npz
Data splits loaded from: /home/zel9906/STAT390_Team4/Presentation_4_code_Zoe_mar17/no_train_val_leakage_splits/data_splits_new_01.npz
Loaded splits - Train: 247, Val: 53, Test: 71
Cases per split: 57 18 18
Paths per split: 51810 14101 14130
No leakage between train & val (cases).
No leakage between train & test (cases).
No leakage between val & test (cases).
No leakage between train & val (paths).
No leakage between train & test (paths).
No leakage between val & test (paths).

Data Summary:
==================================================

Label distribution per split:
label   0   1
split        
test    7  11
train  21  36
val     7  11

Mean patches per stain per split:
       h&e_patches  melan_patches  sox10_patches
split                                           
test         404.4          203.2          177.3
train        440.7          258.6          209.6
val          405.0          201.1          177.3

Median patches per stain per split:
       h&e_patches  melan_patches  sox10_patches
split                                           
test         306.0          174.0          148.0
train        328.0          194.0          155.0
val          326.5          167.5          164.0

Missing stain proportion:
       h&e_missing  melan_missing  sox10_missing
split                                           
test           0.0          0.000          0.000
train          0.0          0.035          0.035
val            0.0          0.000          0.000

Total cases: 93
Total patches: 80,041
==================================================

Patch count by class for Train:
  Benign (0):     16334 patches
  High-grade (1): 35476 patches

Patch count by class for Validation:
  Benign (0):     4875 patches
  High-grade (1): 9226 patches

Patch count by class for Test:
  Benign (0):     4571 patches
  High-grade (1): 9559 patches

Data Integrity Check for Train:
Stain coverage:
  h&e: 57/57 (100.0%)
  melan: 55/57 (96.5%)
  sox10: 55/57 (96.5%)
No issues found

Data Integrity Check for Validation:
Stain coverage:
  h&e: 18/18 (100.0%)
  melan: 18/18 (100.0%)
  sox10: 18/18 (100.0%)
No issues found

Data Integrity Check for Test:
Stain coverage:
  h&e: 18/18 (100.0%)
  melan: 18/18 (100.0%)
  sox10: 18/18 (100.0%)
No issues found

============================================================
CREATING DATA LOADERS (POOLED FEATURES)
============================================================
Created data loaders - Train: 57, Val: 18, Test: 18

============================================================
CREATING MODEL
============================================================

Model Summary:
==================================================
Total parameters: 2,493,061
Trainable parameters: 2,493,061
Model size: 9.51 MB
==================================================

============================================================
TRAINING MODEL
============================================================
Starting training from epoch 1 to 30
Device: cpu
Model parameters: 2,493,061
LR scheduler: ReduceLROnPlateau
Patch entropy regularization enabled (lambda=0.001, mode=max, normalize=True) -> maximize entropy (smoother attention)
Early stopping enabled (patience=8, min_delta=0.001, min_epochs=10)

Epoch 1/30 (LR: 2.08e-04)
Train Loss: 0.9812 | Train CE: 0.9822 | Train Patch Entropy: 0.9805 | Val Loss: 0.5031 | Val Acc: 0.7778
Epoch Time: 119.25s
New best validation loss: 0.5031
Checkpoint saved: /projects/e32998/MIL_training/final_runs/run_20260318_014415/checkpoints/20260318_014615_HierarchicalAttnMIL_epoch1.pth
Best checkpoint updated: /projects/e32998/MIL_training/final_runs/run_20260318_014415/checkpoints/best.pth

Epoch 2/30 (LR: 2.08e-04)
Train Loss: 0.3361 | Train CE: 0.3370 | Train Patch Entropy: 0.9527 | Val Loss: 0.4570 | Val Acc: 0.7222
Epoch Time: 113.94s
New best validation loss: 0.4570
Checkpoint saved: /projects/e32998/MIL_training/final_runs/run_20260318_014415/checkpoints/20260318_014809_HierarchicalAttnMIL_epoch2.pth
Best checkpoint updated: /projects/e32998/MIL_training/final_runs/run_20260318_014415/checkpoints/best.pth

Epoch 3/30 (LR: 2.08e-04)
Train Loss: 0.2751 | Train CE: 0.2761 | Train Patch Entropy: 0.9417 | Val Loss: 0.4294 | Val Acc: 0.7778
Epoch Time: 108.68s
New best validation loss: 0.4294
Checkpoint saved: /projects/e32998/MIL_training/final_runs/run_20260318_014415/checkpoints/20260318_014958_HierarchicalAttnMIL_epoch3.pth
Best checkpoint updated: /projects/e32998/MIL_training/final_runs/run_20260318_014415/checkpoints/best.pth

Epoch 4/30 (LR: 2.08e-04)
Train Loss: 0.2485 | Train CE: 0.2494 | Train Patch Entropy: 0.9498 | Val Loss: 0.6805 | Val Acc: 0.6111
Epoch Time: 119.24s
No improvement for 1 epoch(s)
Checkpoint saved: /projects/e32998/MIL_training/final_runs/run_20260318_014415/checkpoints/20260318_015158_HierarchicalAttnMIL_epoch4.pth

Epoch 5/30 (LR: 2.08e-04)
Train Loss: 0.3018 | Train CE: 0.3027 | Train Patch Entropy: 0.9457 | Val Loss: 0.4634 | Val Acc: 0.6667
Epoch Time: 113.94s
No improvement for 2 epoch(s)
Checkpoint saved: /projects/e32998/MIL_training/final_runs/run_20260318_014415/checkpoints/20260318_015352_HierarchicalAttnMIL_epoch5.pth

Epoch 6/30 (LR: 2.08e-04)
Train Loss: 0.0818 | Train CE: 0.0828 | Train Patch Entropy: 0.9357 | Val Loss: 0.2254 | Val Acc: 0.8889
Epoch Time: 115.80s
New best validation loss: 0.2254
Checkpoint saved: /projects/e32998/MIL_training/final_runs/run_20260318_014415/checkpoints/20260318_015547_HierarchicalAttnMIL_epoch6.pth
Best checkpoint updated: /projects/e32998/MIL_training/final_runs/run_20260318_014415/checkpoints/best.pth

Epoch 7/30 (LR: 2.08e-04)
Train Loss: 0.0385 | Train CE: 0.0395 | Train Patch Entropy: 0.9482 | Val Loss: 0.2739 | Val Acc: 0.8889
Epoch Time: 114.59s
No improvement for 1 epoch(s)
Checkpoint saved: /projects/e32998/MIL_training/final_runs/run_20260318_014415/checkpoints/20260318_015742_HierarchicalAttnMIL_epoch7.pth

Epoch 8/30 (LR: 2.08e-04)
Train Loss: 0.0200 | Train CE: 0.0210 | Train Patch Entropy: 0.9296 | Val Loss: 0.5150 | Val Acc: 0.7222
Epoch Time: 112.22s
No improvement for 2 epoch(s)
Checkpoint saved: /projects/e32998/MIL_training/final_runs/run_20260318_014415/checkpoints/20260318_015934_HierarchicalAttnMIL_epoch8.pth

Epoch 9/30 (LR: 2.08e-04)
Train Loss: 0.0032 | Train CE: 0.0042 | Train Patch Entropy: 0.9232 | Val Loss: 0.3623 | Val Acc: 0.8333
Epoch Time: 111.21s
No improvement for 3 epoch(s)
Checkpoint saved: /projects/e32998/MIL_training/final_runs/run_20260318_014415/checkpoints/20260318_020126_HierarchicalAttnMIL_epoch9.pth

Epoch 10/30 (LR: 2.08e-04)
Train Loss: 0.0036 | Train CE: 0.0046 | Train Patch Entropy: 0.9227 | Val Loss: 0.4222 | Val Acc: 0.8333
Epoch Time: 121.15s
No improvement for 4 epoch(s)
Checkpoint saved: /projects/e32998/MIL_training/final_runs/run_20260318_014415/checkpoints/20260318_020327_HierarchicalAttnMIL_epoch10.pth

Epoch 11/30 (LR: 2.08e-04)
Train Loss: 0.0016 | Train CE: 0.0025 | Train Patch Entropy: 0.9212 | Val Loss: 0.3788 | Val Acc: 0.8333
Epoch Time: 114.66s
No improvement for 5 epoch(s)
Checkpoint saved: /projects/e32998/MIL_training/final_runs/run_20260318_014415/checkpoints/20260318_020522_HierarchicalAttnMIL_epoch11.pth

Epoch 12/30 (LR: 4.45e-05)
Train Loss: 0.0010 | Train CE: 0.0019 | Train Patch Entropy: 0.9211 | Val Loss: 0.3814 | Val Acc: 0.8333
Epoch Time: 112.89s
No improvement for 6 epoch(s)
Checkpoint saved: /projects/e32998/MIL_training/final_runs/run_20260318_014415/checkpoints/20260318_020714_HierarchicalAttnMIL_epoch12.pth

Epoch 13/30 (LR: 4.45e-05)
Train Loss: 0.0023 | Train CE: 0.0032 | Train Patch Entropy: 0.9222 | Val Loss: 0.3948 | Val Acc: 0.8333
Epoch Time: 116.07s
No improvement for 7 epoch(s)
Checkpoint saved: /projects/e32998/MIL_training/final_runs/run_20260318_014415/checkpoints/20260318_020911_HierarchicalAttnMIL_epoch13.pth

Epoch 14/30 (LR: 4.45e-05)
Train Loss: 0.0005 | Train CE: 0.0015 | Train Patch Entropy: 0.9205 | Val Loss: 0.4110 | Val Acc: 0.8333
Epoch Time: 116.55s
No improvement for 8 epoch(s)
Checkpoint saved: /projects/e32998/MIL_training/final_runs/run_20260318_014415/checkpoints/20260318_021107_HierarchicalAttnMIL_epoch14.pth

Early stopping triggered at epoch 14. Best val loss: 0.2254

Training completed!

Reloading best checkpoint before test evaluation: /projects/e32998/MIL_training/final_runs/run_20260318_014415/checkpoints/best.pth
Checkpoint loaded: /projects/e32998/MIL_training/final_runs/run_20260318_014415/checkpoints/best.pth (epoch=6)

============================================================
EVALUATING MODEL
============================================================

Test Results:
  Test Loss: 0.1879
  Test Acc:  0.9444
  Samples:   18
Predictions saved to: /projects/e32998/MIL_training/final_runs/run_20260318_014415/predictions_best.csv
Confusion matrix saved to: /projects/e32998/MIL_training/final_runs/run_20260318_014415/confusion_matrix.png

Finished split=split_1_data_splits_new_01, seed=2 in 1643.30s

Running split_1_data_splits_new_01 | seed=3
Random seed set to 3
Using CPU
Created run directory: /projects/e32998/MIL_training/final_runs/run_20260318_021139
================================================================================
HIERARCHICAL ATTENTION MIL TRAINING
================================================================================
Split: split_1_data_splits_new_01
Seed: 3
Arguments: {'labels_csv': '/projects/e32998/STAT390_Krish/Code/Code4_reduce_runtime/extra_benign_case_grade_match.csv', 'patches_dir': '/projects/e32998/patches_benign_split', 'epochs': 30, 'lr': 0.000208, 'batch_size': 1, 'num_workers': 2, 'embed_dim': 512, 'per_slice_cap': 500, 'max_slices_per_stain': 5, 'seed': 3, 'resume': None, 'eval_only': False, 'analyze_attention': False, 'attention_top_n': 5, 'load_splits': '/home/zel9906/STAT390_Team4/Presentation_4_code_Zoe_mar17/no_train_val_leakage_splits/data_splits_new_01.npz', 'multi_run': True, 'splits_dir': '/home/zel9906/STAT390_Team4/Presentation_4_code_Zoe_mar17/no_train_val_leakage_splits', 'seeds': [1, 2, 3, 4, 5, 6, 7, 8, 9, 10], 'aggregate_output_dir': '/home/zel9906/STAT390_Team4/Presentation_4_code_Zoe_mar17/patch_order_results', 'split_name': None, 'checkpoint_dir': '/projects/e32998/MIL_training/final_runs/run_20260318_021139/checkpoints'}
============================================================
PREPARING DATA
============================================================
Loaded 118 labels
Found 83630 patch files
All 3808 non-standard file names were handled.
Grouped into 383 slices
Mapped 371 slices to classes
Class distribution: {1: 238, 0: 133}

----------------------------------------
SPLITTING DATA
----------------------------------------
Loading existing splits from: /home/zel9906/STAT390_Team4/Presentation_4_code_Zoe_mar17/no_train_val_leakage_splits/data_splits_new_01.npz
Data splits loaded from: /home/zel9906/STAT390_Team4/Presentation_4_code_Zoe_mar17/no_train_val_leakage_splits/data_splits_new_01.npz
Loaded splits - Train: 247, Val: 53, Test: 71
Cases per split: 57 18 18
Paths per split: 51810 14101 14130
No leakage between train & val (cases).
No leakage between train & test (cases).
No leakage between val & test (cases).
No leakage between train & val (paths).
No leakage between train & test (paths).
No leakage between val & test (paths).

Data Summary:
==================================================

Label distribution per split:
label   0   1
split        
test    7  11
train  21  36
val     7  11

Mean patches per stain per split:
       h&e_patches  melan_patches  sox10_patches
split                                           
test         404.4          203.2          177.3
train        440.7          258.6          209.6
val          405.0          201.1          177.3

Median patches per stain per split:
       h&e_patches  melan_patches  sox10_patches
split                                           
test         306.0          174.0          148.0
train        328.0          194.0          155.0
val          326.5          167.5          164.0

Missing stain proportion:
       h&e_missing  melan_missing  sox10_missing
split                                           
test           0.0          0.000          0.000
train          0.0          0.035          0.035
val            0.0          0.000          0.000

Total cases: 93
Total patches: 80,041
==================================================

Patch count by class for Train:
  Benign (0):     16334 patches
  High-grade (1): 35476 patches

Patch count by class for Validation:
  Benign (0):     4875 patches
  High-grade (1): 9226 patches

Patch count by class for Test:
  Benign (0):     4571 patches
  High-grade (1): 9559 patches

Data Integrity Check for Train:
Stain coverage:
  h&e: 57/57 (100.0%)
  melan: 55/57 (96.5%)
  sox10: 55/57 (96.5%)
No issues found

Data Integrity Check for Validation:
Stain coverage:
  h&e: 18/18 (100.0%)
  melan: 18/18 (100.0%)
  sox10: 18/18 (100.0%)
No issues found

Data Integrity Check for Test:
Stain coverage:
  h&e: 18/18 (100.0%)
  melan: 18/18 (100.0%)
  sox10: 18/18 (100.0%)
No issues found

============================================================
CREATING DATA LOADERS (POOLED FEATURES)
============================================================
Created data loaders - Train: 57, Val: 18, Test: 18

============================================================
CREATING MODEL
============================================================

Model Summary:
==================================================
Total parameters: 2,493,061
Trainable parameters: 2,493,061
Model size: 9.51 MB
==================================================

============================================================
TRAINING MODEL
============================================================
Starting training from epoch 1 to 30
Device: cpu
Model parameters: 2,493,061
LR scheduler: ReduceLROnPlateau
Patch entropy regularization enabled (lambda=0.001, mode=max, normalize=True) -> maximize entropy (smoother attention)
Early stopping enabled (patience=8, min_delta=0.001, min_epochs=10)

Epoch 1/30 (LR: 2.08e-04)
Train Loss: 1.1944 | Train CE: 1.1954 | Train Patch Entropy: 0.9936 | Val Loss: 0.6010 | Val Acc: 0.6667
Epoch Time: 112.07s
New best validation loss: 0.6010
Checkpoint saved: /projects/e32998/MIL_training/final_runs/run_20260318_021139/checkpoints/20260318_021332_HierarchicalAttnMIL_epoch1.pth
Best checkpoint updated: /projects/e32998/MIL_training/final_runs/run_20260318_021139/checkpoints/best.pth

Epoch 2/30 (LR: 2.08e-04)
Train Loss: 0.3895 | Train CE: 0.3904 | Train Patch Entropy: 0.9694 | Val Loss: 0.6264 | Val Acc: 0.6111
Epoch Time: 122.34s
No improvement for 1 epoch(s)
Checkpoint saved: /projects/e32998/MIL_training/final_runs/run_20260318_021139/checkpoints/20260318_021534_HierarchicalAttnMIL_epoch2.pth

Epoch 3/30 (LR: 2.08e-04)
Train Loss: 0.2967 | Train CE: 0.2976 | Train Patch Entropy: 0.9283 | Val Loss: 0.5451 | Val Acc: 0.7778
Epoch Time: 122.97s
New best validation loss: 0.5451
Checkpoint saved: /projects/e32998/MIL_training/final_runs/run_20260318_021139/checkpoints/20260318_021737_HierarchicalAttnMIL_epoch3.pth
Best checkpoint updated: /projects/e32998/MIL_training/final_runs/run_20260318_021139/checkpoints/best.pth

Epoch 4/30 (LR: 2.08e-04)
Train Loss: 0.1275 | Train CE: 0.1285 | Train Patch Entropy: 0.9377 | Val Loss: 0.3164 | Val Acc: 0.8889
Epoch Time: 126.70s
New best validation loss: 0.3164
Checkpoint saved: /projects/e32998/MIL_training/final_runs/run_20260318_021139/checkpoints/20260318_021944_HierarchicalAttnMIL_epoch4.pth
Best checkpoint updated: /projects/e32998/MIL_training/final_runs/run_20260318_021139/checkpoints/best.pth

Epoch 5/30 (LR: 2.08e-04)
Train Loss: 0.1674 | Train CE: 0.1683 | Train Patch Entropy: 0.9674 | Val Loss: 0.6348 | Val Acc: 0.7222
Epoch Time: 117.06s
No improvement for 1 epoch(s)
Checkpoint saved: /projects/e32998/MIL_training/final_runs/run_20260318_021139/checkpoints/20260318_022141_HierarchicalAttnMIL_epoch5.pth

Epoch 6/30 (LR: 2.08e-04)
Train Loss: 0.1826 | Train CE: 0.1836 | Train Patch Entropy: 0.9553 | Val Loss: 0.6923 | Val Acc: 0.7778
Epoch Time: 119.10s
No improvement for 2 epoch(s)
Checkpoint saved: /projects/e32998/MIL_training/final_runs/run_20260318_021139/checkpoints/20260318_022340_HierarchicalAttnMIL_epoch6.pth

Epoch 7/30 (LR: 2.08e-04)
Train Loss: 0.2341 | Train CE: 0.2350 | Train Patch Entropy: 0.9293 | Val Loss: 0.1407 | Val Acc: 0.9444
Epoch Time: 129.15s
New best validation loss: 0.1407
Checkpoint saved: /projects/e32998/MIL_training/final_runs/run_20260318_021139/checkpoints/20260318_022549_HierarchicalAttnMIL_epoch7.pth
Best checkpoint updated: /projects/e32998/MIL_training/final_runs/run_20260318_021139/checkpoints/best.pth

Epoch 8/30 (LR: 2.08e-04)
Train Loss: 0.0131 | Train CE: 0.0140 | Train Patch Entropy: 0.9005 | Val Loss: 0.2216 | Val Acc: 0.8333
Epoch Time: 120.45s
No improvement for 1 epoch(s)
Checkpoint saved: /projects/e32998/MIL_training/final_runs/run_20260318_021139/checkpoints/20260318_022750_HierarchicalAttnMIL_epoch8.pth

Epoch 9/30 (LR: 2.08e-04)
Train Loss: 0.0034 | Train CE: 0.0043 | Train Patch Entropy: 0.8934 | Val Loss: 0.2091 | Val Acc: 0.8333
Epoch Time: 122.57s
No improvement for 2 epoch(s)
Checkpoint saved: /projects/e32998/MIL_training/final_runs/run_20260318_021139/checkpoints/20260318_022953_HierarchicalAttnMIL_epoch9.pth

Epoch 10/30 (LR: 2.08e-04)
Train Loss: 0.0046 | Train CE: 0.0055 | Train Patch Entropy: 0.8871 | Val Loss: 0.1813 | Val Acc: 0.8889
Epoch Time: 173.29s
No improvement for 3 epoch(s)
Checkpoint saved: /projects/e32998/MIL_training/final_runs/run_20260318_021139/checkpoints/20260318_023246_HierarchicalAttnMIL_epoch10.pth

Epoch 11/30 (LR: 2.08e-04)
Train Loss: 0.0023 | Train CE: 0.0032 | Train Patch Entropy: 0.8824 | Val Loss: 0.2189 | Val Acc: 0.8889
Epoch Time: 181.90s
No improvement for 4 epoch(s)
Checkpoint saved: /projects/e32998/MIL_training/final_runs/run_20260318_021139/checkpoints/20260318_023548_HierarchicalAttnMIL_epoch11.pth

Epoch 12/30 (LR: 2.08e-04)
Train Loss: 0.0011 | Train CE: 0.0020 | Train Patch Entropy: 0.8775 | Val Loss: 0.2346 | Val Acc: 0.8889
Epoch Time: 200.26s
No improvement for 5 epoch(s)
Checkpoint saved: /projects/e32998/MIL_training/final_runs/run_20260318_021139/checkpoints/20260318_023908_HierarchicalAttnMIL_epoch12.pth

Epoch 13/30 (LR: 4.45e-05)
Train Loss: 0.0004 | Train CE: 0.0013 | Train Patch Entropy: 0.8757 | Val Loss: 0.2383 | Val Acc: 0.8889
Epoch Time: 207.94s
No improvement for 6 epoch(s)
Checkpoint saved: /projects/e32998/MIL_training/final_runs/run_20260318_021139/checkpoints/20260318_024236_HierarchicalAttnMIL_epoch13.pth

Epoch 14/30 (LR: 4.45e-05)
Train Loss: 0.0001 | Train CE: 0.0009 | Train Patch Entropy: 0.8746 | Val Loss: 0.2367 | Val Acc: 0.8889
Epoch Time: 205.20s
No improvement for 7 epoch(s)
Checkpoint saved: /projects/e32998/MIL_training/final_runs/run_20260318_021139/checkpoints/20260318_024602_HierarchicalAttnMIL_epoch14.pth

Epoch 15/30 (LR: 4.45e-05)
Train Loss: 0.0011 | Train CE: 0.0019 | Train Patch Entropy: 0.8729 | Val Loss: 0.2364 | Val Acc: 0.8889
Epoch Time: 214.62s
No improvement for 8 epoch(s)
Checkpoint saved: /projects/e32998/MIL_training/final_runs/run_20260318_021139/checkpoints/20260318_024936_HierarchicalAttnMIL_epoch15.pth

Early stopping triggered at epoch 15. Best val loss: 0.1407

Training completed!

Reloading best checkpoint before test evaluation: /projects/e32998/MIL_training/final_runs/run_20260318_021139/checkpoints/best.pth
Checkpoint loaded: /projects/e32998/MIL_training/final_runs/run_20260318_021139/checkpoints/best.pth (epoch=7)

============================================================
EVALUATING MODEL
============================================================

Test Results:
  Test Loss: 0.0837
  Test Acc:  0.9444
  Samples:   18
Predictions saved to: /projects/e32998/MIL_training/final_runs/run_20260318_021139/predictions_best.csv
Confusion matrix saved to: /projects/e32998/MIL_training/final_runs/run_20260318_021139/confusion_matrix.png

Finished split=split_1_data_splits_new_01, seed=3 in 2339.50s

Running split_1_data_splits_new_01 | seed=4
Random seed set to 4
Using CPU
Created run directory: /projects/e32998/MIL_training/final_runs/run_20260318_025039
================================================================================
HIERARCHICAL ATTENTION MIL TRAINING
================================================================================
Split: split_1_data_splits_new_01
Seed: 4
Arguments: {'labels_csv': '/projects/e32998/STAT390_Krish/Code/Code4_reduce_runtime/extra_benign_case_grade_match.csv', 'patches_dir': '/projects/e32998/patches_benign_split', 'epochs': 30, 'lr': 0.000208, 'batch_size': 1, 'num_workers': 2, 'embed_dim': 512, 'per_slice_cap': 500, 'max_slices_per_stain': 5, 'seed': 4, 'resume': None, 'eval_only': False, 'analyze_attention': False, 'attention_top_n': 5, 'load_splits': '/home/zel9906/STAT390_Team4/Presentation_4_code_Zoe_mar17/no_train_val_leakage_splits/data_splits_new_01.npz', 'multi_run': True, 'splits_dir': '/home/zel9906/STAT390_Team4/Presentation_4_code_Zoe_mar17/no_train_val_leakage_splits', 'seeds': [1, 2, 3, 4, 5, 6, 7, 8, 9, 10], 'aggregate_output_dir': '/home/zel9906/STAT390_Team4/Presentation_4_code_Zoe_mar17/patch_order_results', 'split_name': None, 'checkpoint_dir': '/projects/e32998/MIL_training/final_runs/run_20260318_025039/checkpoints'}
============================================================
PREPARING DATA
============================================================
Loaded 118 labels
Found 83630 patch files
All 3808 non-standard file names were handled.
Grouped into 383 slices
Mapped 371 slices to classes
Class distribution: {1: 238, 0: 133}

----------------------------------------
SPLITTING DATA
----------------------------------------
Loading existing splits from: /home/zel9906/STAT390_Team4/Presentation_4_code_Zoe_mar17/no_train_val_leakage_splits/data_splits_new_01.npz
Data splits loaded from: /home/zel9906/STAT390_Team4/Presentation_4_code_Zoe_mar17/no_train_val_leakage_splits/data_splits_new_01.npz
Loaded splits - Train: 247, Val: 53, Test: 71
Cases per split: 57 18 18
Paths per split: 51810 14101 14130
No leakage between train & val (cases).
No leakage between train & test (cases).
No leakage between val & test (cases).
No leakage between train & val (paths).
No leakage between train & test (paths).
No leakage between val & test (paths).

Data Summary:
==================================================

Label distribution per split:
label   0   1
split        
test    7  11
train  21  36
val     7  11

Mean patches per stain per split:
       h&e_patches  melan_patches  sox10_patches
split                                           
test         404.4          203.2          177.3
train        440.7          258.6          209.6
val          405.0          201.1          177.3

Median patches per stain per split:
       h&e_patches  melan_patches  sox10_patches
split                                           
test         306.0          174.0          148.0
train        328.0          194.0          155.0
val          326.5          167.5          164.0

Missing stain proportion:
       h&e_missing  melan_missing  sox10_missing
split                                           
test           0.0          0.000          0.000
train          0.0          0.035          0.035
val            0.0          0.000          0.000

Total cases: 93
Total patches: 80,041
==================================================

Patch count by class for Train:
  Benign (0):     16334 patches
  High-grade (1): 35476 patches

Patch count by class for Validation:
  Benign (0):     4875 patches
  High-grade (1): 9226 patches

Patch count by class for Test:
  Benign (0):     4571 patches
  High-grade (1): 9559 patches

Data Integrity Check for Train:
Stain coverage:
  h&e: 57/57 (100.0%)
  melan: 55/57 (96.5%)
  sox10: 55/57 (96.5%)
No issues found

Data Integrity Check for Validation:
Stain coverage:
  h&e: 18/18 (100.0%)
  melan: 18/18 (100.0%)
  sox10: 18/18 (100.0%)
No issues found

Data Integrity Check for Test:
Stain coverage:
  h&e: 18/18 (100.0%)
  melan: 18/18 (100.0%)
  sox10: 18/18 (100.0%)
No issues found

============================================================
CREATING DATA LOADERS (POOLED FEATURES)
============================================================
Created data loaders - Train: 57, Val: 18, Test: 18

============================================================
CREATING MODEL
============================================================

Model Summary:
==================================================
Total parameters: 2,493,061
Trainable parameters: 2,493,061
Model size: 9.51 MB
==================================================

============================================================
TRAINING MODEL
============================================================
Starting training from epoch 1 to 30
Device: cpu
Model parameters: 2,493,061
LR scheduler: ReduceLROnPlateau
Patch entropy regularization enabled (lambda=0.001, mode=max, normalize=True) -> maximize entropy (smoother attention)
Early stopping enabled (patience=8, min_delta=0.001, min_epochs=10)

Epoch 1/30 (LR: 2.08e-04)
Train Loss: 0.8061 | Train CE: 0.8071 | Train Patch Entropy: 0.9872 | Val Loss: 0.3522 | Val Acc: 0.8333
Epoch Time: 203.98s
New best validation loss: 0.3522
Checkpoint saved: /projects/e32998/MIL_training/final_runs/run_20260318_025039/checkpoints/20260318_025403_HierarchicalAttnMIL_epoch1.pth
Best checkpoint updated: /projects/e32998/MIL_training/final_runs/run_20260318_025039/checkpoints/best.pth

Epoch 2/30 (LR: 2.08e-04)
Train Loss: 0.2974 | Train CE: 0.2984 | Train Patch Entropy: 0.9730 | Val Loss: 0.3665 | Val Acc: 0.7778
Epoch Time: 202.13s
No improvement for 1 epoch(s)
Checkpoint saved: /projects/e32998/MIL_training/final_runs/run_20260318_025039/checkpoints/20260318_025725_HierarchicalAttnMIL_epoch2.pth

Epoch 3/30 (LR: 2.08e-04)
Train Loss: 0.3202 | Train CE: 0.3211 | Train Patch Entropy: 0.9628 | Val Loss: 0.3937 | Val Acc: 0.7778
Epoch Time: 220.13s
No improvement for 2 epoch(s)
Checkpoint saved: /projects/e32998/MIL_training/final_runs/run_20260318_025039/checkpoints/20260318_030105_HierarchicalAttnMIL_epoch3.pth

Epoch 4/30 (LR: 2.08e-04)
Train Loss: 0.1796 | Train CE: 0.1806 | Train Patch Entropy: 0.9731 | Val Loss: 0.3440 | Val Acc: 0.7778
Epoch Time: 189.71s
New best validation loss: 0.3440
Checkpoint saved: /projects/e32998/MIL_training/final_runs/run_20260318_025039/checkpoints/20260318_030415_HierarchicalAttnMIL_epoch4.pth
Best checkpoint updated: /projects/e32998/MIL_training/final_runs/run_20260318_025039/checkpoints/best.pth

Epoch 5/30 (LR: 2.08e-04)
Train Loss: 0.0907 | Train CE: 0.0916 | Train Patch Entropy: 0.9641 | Val Loss: 0.1118 | Val Acc: 0.9444
Epoch Time: 220.93s
New best validation loss: 0.1118
Checkpoint saved: /projects/e32998/MIL_training/final_runs/run_20260318_025039/checkpoints/20260318_030756_HierarchicalAttnMIL_epoch5.pth
Best checkpoint updated: /projects/e32998/MIL_training/final_runs/run_20260318_025039/checkpoints/best.pth

Epoch 6/30 (LR: 2.08e-04)
Train Loss: 0.0343 | Train CE: 0.0353 | Train Patch Entropy: 0.9468 | Val Loss: 0.2344 | Val Acc: 0.9444
Epoch Time: 191.85s
No improvement for 1 epoch(s)
Checkpoint saved: /projects/e32998/MIL_training/final_runs/run_20260318_025039/checkpoints/20260318_031108_HierarchicalAttnMIL_epoch6.pth

Epoch 7/30 (LR: 2.08e-04)
Train Loss: 0.0369 | Train CE: 0.0378 | Train Patch Entropy: 0.9407 | Val Loss: 0.4954 | Val Acc: 0.8889
Epoch Time: 213.24s
No improvement for 2 epoch(s)
Checkpoint saved: /projects/e32998/MIL_training/final_runs/run_20260318_025039/checkpoints/20260318_031441_HierarchicalAttnMIL_epoch7.pth

Epoch 8/30 (LR: 2.08e-04)
Train Loss: 0.0475 | Train CE: 0.0485 | Train Patch Entropy: 0.9422 | Val Loss: 0.3132 | Val Acc: 0.8889
Epoch Time: 185.24s
No improvement for 3 epoch(s)
Checkpoint saved: /projects/e32998/MIL_training/final_runs/run_20260318_025039/checkpoints/20260318_031747_HierarchicalAttnMIL_epoch8.pth

Epoch 9/30 (LR: 2.08e-04)
Train Loss: 0.0015 | Train CE: 0.0024 | Train Patch Entropy: 0.9331 | Val Loss: 0.2879 | Val Acc: 0.8333
Epoch Time: 193.22s
No improvement for 4 epoch(s)
Checkpoint saved: /projects/e32998/MIL_training/final_runs/run_20260318_025039/checkpoints/20260318_032100_HierarchicalAttnMIL_epoch9.pth

Epoch 10/30 (LR: 2.08e-04)
Train Loss: 0.0013 | Train CE: 0.0022 | Train Patch Entropy: 0.9232 | Val Loss: 0.3050 | Val Acc: 0.8889
Epoch Time: 200.07s
No improvement for 5 epoch(s)
Checkpoint saved: /projects/e32998/MIL_training/final_runs/run_20260318_025039/checkpoints/20260318_032420_HierarchicalAttnMIL_epoch10.pth

Epoch 11/30 (LR: 4.45e-05)
Train Loss: 0.0027 | Train CE: 0.0036 | Train Patch Entropy: 0.9205 | Val Loss: 0.2799 | Val Acc: 0.8333
Epoch Time: 198.03s
No improvement for 6 epoch(s)
Checkpoint saved: /projects/e32998/MIL_training/final_runs/run_20260318_025039/checkpoints/20260318_032738_HierarchicalAttnMIL_epoch11.pth

Epoch 12/30 (LR: 4.45e-05)
Train Loss: 0.0002 | Train CE: 0.0011 | Train Patch Entropy: 0.9185 | Val Loss: 0.2788 | Val Acc: 0.8333
Epoch Time: 175.11s
No improvement for 7 epoch(s)
Checkpoint saved: /projects/e32998/MIL_training/final_runs/run_20260318_025039/checkpoints/20260318_033033_HierarchicalAttnMIL_epoch12.pth

Epoch 13/30 (LR: 4.45e-05)
Train Loss: -0.0001 | Train CE: 0.0008 | Train Patch Entropy: 0.9193 | Val Loss: 0.2795 | Val Acc: 0.8333
Epoch Time: 164.67s
No improvement for 8 epoch(s)
Checkpoint saved: /projects/e32998/MIL_training/final_runs/run_20260318_025039/checkpoints/20260318_033318_HierarchicalAttnMIL_epoch13.pth

Early stopping triggered at epoch 13. Best val loss: 0.1118

Training completed!

Reloading best checkpoint before test evaluation: /projects/e32998/MIL_training/final_runs/run_20260318_025039/checkpoints/best.pth
Checkpoint loaded: /projects/e32998/MIL_training/final_runs/run_20260318_025039/checkpoints/best.pth (epoch=5)

============================================================
EVALUATING MODEL
============================================================

Test Results:
  Test Loss: 0.3338
  Test Acc:  0.8333
  Samples:   18
Predictions saved to: /projects/e32998/MIL_training/final_runs/run_20260318_025039/predictions_best.csv
Confusion matrix saved to: /projects/e32998/MIL_training/final_runs/run_20260318_025039/confusion_matrix.png

Finished split=split_1_data_splits_new_01, seed=4 in 2603.61s

Running split_1_data_splits_new_01 | seed=5
Random seed set to 5
Using CPU
Created run directory: /projects/e32998/MIL_training/final_runs/run_20260318_033402
================================================================================
HIERARCHICAL ATTENTION MIL TRAINING
================================================================================
Split: split_1_data_splits_new_01
Seed: 5
Arguments: {'labels_csv': '/projects/e32998/STAT390_Krish/Code/Code4_reduce_runtime/extra_benign_case_grade_match.csv', 'patches_dir': '/projects/e32998/patches_benign_split', 'epochs': 30, 'lr': 0.000208, 'batch_size': 1, 'num_workers': 2, 'embed_dim': 512, 'per_slice_cap': 500, 'max_slices_per_stain': 5, 'seed': 5, 'resume': None, 'eval_only': False, 'analyze_attention': False, 'attention_top_n': 5, 'load_splits': '/home/zel9906/STAT390_Team4/Presentation_4_code_Zoe_mar17/no_train_val_leakage_splits/data_splits_new_01.npz', 'multi_run': True, 'splits_dir': '/home/zel9906/STAT390_Team4/Presentation_4_code_Zoe_mar17/no_train_val_leakage_splits', 'seeds': [1, 2, 3, 4, 5, 6, 7, 8, 9, 10], 'aggregate_output_dir': '/home/zel9906/STAT390_Team4/Presentation_4_code_Zoe_mar17/patch_order_results', 'split_name': None, 'checkpoint_dir': '/projects/e32998/MIL_training/final_runs/run_20260318_033402/checkpoints'}
============================================================
PREPARING DATA
============================================================
Loaded 118 labels
Found 83630 patch files
All 3808 non-standard file names were handled.
Grouped into 383 slices
Mapped 371 slices to classes
Class distribution: {1: 238, 0: 133}

----------------------------------------
SPLITTING DATA
----------------------------------------
Loading existing splits from: /home/zel9906/STAT390_Team4/Presentation_4_code_Zoe_mar17/no_train_val_leakage_splits/data_splits_new_01.npz
Data splits loaded from: /home/zel9906/STAT390_Team4/Presentation_4_code_Zoe_mar17/no_train_val_leakage_splits/data_splits_new_01.npz
Loaded splits - Train: 247, Val: 53, Test: 71
Cases per split: 57 18 18
Paths per split: 51810 14101 14130
No leakage between train & val (cases).
No leakage between train & test (cases).
No leakage between val & test (cases).
No leakage between train & val (paths).
No leakage between train & test (paths).
No leakage between val & test (paths).

Data Summary:
==================================================

Label distribution per split:
label   0   1
split        
test    7  11
train  21  36
val     7  11

Mean patches per stain per split:
       h&e_patches  melan_patches  sox10_patches
split                                           
test         404.4          203.2          177.3
train        440.7          258.6          209.6
val          405.0          201.1          177.3

Median patches per stain per split:
       h&e_patches  melan_patches  sox10_patches
split                                           
test         306.0          174.0          148.0
train        328.0          194.0          155.0
val          326.5          167.5          164.0

Missing stain proportion:
       h&e_missing  melan_missing  sox10_missing
split                                           
test           0.0          0.000          0.000
train          0.0          0.035          0.035
val            0.0          0.000          0.000

Total cases: 93
Total patches: 80,041
==================================================

Patch count by class for Train:
  Benign (0):     16334 patches
  High-grade (1): 35476 patches

Patch count by class for Validation:
  Benign (0):     4875 patches
  High-grade (1): 9226 patches

Patch count by class for Test:
  Benign (0):     4571 patches
  High-grade (1): 9559 patches

Data Integrity Check for Train:
Stain coverage:
  h&e: 57/57 (100.0%)
  melan: 55/57 (96.5%)
  sox10: 55/57 (96.5%)
No issues found

Data Integrity Check for Validation:
Stain coverage:
  h&e: 18/18 (100.0%)
  melan: 18/18 (100.0%)
  sox10: 18/18 (100.0%)
No issues found

Data Integrity Check for Test:
Stain coverage:
  h&e: 18/18 (100.0%)
  melan: 18/18 (100.0%)
  sox10: 18/18 (100.0%)
No issues found

============================================================
CREATING DATA LOADERS (POOLED FEATURES)
============================================================
Created data loaders - Train: 57, Val: 18, Test: 18

============================================================
CREATING MODEL
============================================================

Model Summary:
==================================================
Total parameters: 2,493,061
Trainable parameters: 2,493,061
Model size: 9.51 MB
==================================================

============================================================
TRAINING MODEL
============================================================
Starting training from epoch 1 to 30
Device: cpu
Model parameters: 2,493,061
LR scheduler: ReduceLROnPlateau
Patch entropy regularization enabled (lambda=0.001, mode=max, normalize=True) -> maximize entropy (smoother attention)
Early stopping enabled (patience=8, min_delta=0.001, min_epochs=10)

Epoch 1/30 (LR: 2.08e-04)
Train Loss: 0.7679 | Train CE: 0.7689 | Train Patch Entropy: 0.9901 | Val Loss: 0.4424 | Val Acc: 0.6667
Epoch Time: 183.71s
New best validation loss: 0.4424
Checkpoint saved: /projects/e32998/MIL_training/final_runs/run_20260318_033402/checkpoints/20260318_033707_HierarchicalAttnMIL_epoch1.pth
Best checkpoint updated: /projects/e32998/MIL_training/final_runs/run_20260318_033402/checkpoints/best.pth

Epoch 2/30 (LR: 2.08e-04)
Train Loss: 0.3099 | Train CE: 0.3109 | Train Patch Entropy: 0.9822 | Val Loss: 0.6590 | Val Acc: 0.6111
Epoch Time: 195.03s
No improvement for 1 epoch(s)
Checkpoint saved: /projects/e32998/MIL_training/final_runs/run_20260318_033402/checkpoints/20260318_034022_HierarchicalAttnMIL_epoch2.pth

Epoch 3/30 (LR: 2.08e-04)
Train Loss: 0.2010 | Train CE: 0.2020 | Train Patch Entropy: 0.9688 | Val Loss: 0.2394 | Val Acc: 0.8889
Epoch Time: 185.85s
New best validation loss: 0.2394
Checkpoint saved: /projects/e32998/MIL_training/final_runs/run_20260318_033402/checkpoints/20260318_034328_HierarchicalAttnMIL_epoch3.pth
Best checkpoint updated: /projects/e32998/MIL_training/final_runs/run_20260318_033402/checkpoints/best.pth

Epoch 4/30 (LR: 2.08e-04)
Train Loss: 0.0458 | Train CE: 0.0468 | Train Patch Entropy: 0.9611 | Val Loss: 0.4418 | Val Acc: 0.7778
Epoch Time: 147.93s
No improvement for 1 epoch(s)
Checkpoint saved: /projects/e32998/MIL_training/final_runs/run_20260318_033402/checkpoints/20260318_034556_HierarchicalAttnMIL_epoch4.pth

Epoch 5/30 (LR: 2.08e-04)
Train Loss: 0.1712 | Train CE: 0.1721 | Train Patch Entropy: 0.9492 | Val Loss: 0.2261 | Val Acc: 0.9444
Epoch Time: 169.93s
New best validation loss: 0.2261
Checkpoint saved: /projects/e32998/MIL_training/final_runs/run_20260318_033402/checkpoints/20260318_034846_HierarchicalAttnMIL_epoch5.pth
Best checkpoint updated: /projects/e32998/MIL_training/final_runs/run_20260318_033402/checkpoints/best.pth

Epoch 6/30 (LR: 2.08e-04)
Train Loss: 0.0570 | Train CE: 0.0580 | Train Patch Entropy: 0.9438 | Val Loss: 1.0448 | Val Acc: 0.6667
Epoch Time: 170.90s
No improvement for 1 epoch(s)
Checkpoint saved: /projects/e32998/MIL_training/final_runs/run_20260318_033402/checkpoints/20260318_035137_HierarchicalAttnMIL_epoch6.pth

Epoch 7/30 (LR: 2.08e-04)
Train Loss: 0.0192 | Train CE: 0.0201 | Train Patch Entropy: 0.9293 | Val Loss: 0.0958 | Val Acc: 0.9444
Epoch Time: 183.63s
New best validation loss: 0.0958
Checkpoint saved: /projects/e32998/MIL_training/final_runs/run_20260318_033402/checkpoints/20260318_035440_HierarchicalAttnMIL_epoch7.pth
Best checkpoint updated: /projects/e32998/MIL_training/final_runs/run_20260318_033402/checkpoints/best.pth

Epoch 8/30 (LR: 2.08e-04)
Train Loss: 0.0023 | Train CE: 0.0032 | Train Patch Entropy: 0.9248 | Val Loss: 0.0878 | Val Acc: 0.9444
Epoch Time: 136.48s
New best validation loss: 0.0878
Checkpoint saved: /projects/e32998/MIL_training/final_runs/run_20260318_033402/checkpoints/20260318_035657_HierarchicalAttnMIL_epoch8.pth
Best checkpoint updated: /projects/e32998/MIL_training/final_runs/run_20260318_033402/checkpoints/best.pth

Epoch 9/30 (LR: 2.08e-04)
Train Loss: 0.0026 | Train CE: 0.0035 | Train Patch Entropy: 0.9206 | Val Loss: 0.0799 | Val Acc: 0.9444
Epoch Time: 109.48s
New best validation loss: 0.0799
Checkpoint saved: /projects/e32998/MIL_training/final_runs/run_20260318_033402/checkpoints/20260318_035846_HierarchicalAttnMIL_epoch9.pth
Best checkpoint updated: /projects/e32998/MIL_training/final_runs/run_20260318_033402/checkpoints/best.pth

Epoch 10/30 (LR: 2.08e-04)
Train Loss: 0.0014 | Train CE: 0.0023 | Train Patch Entropy: 0.9133 | Val Loss: 0.1201 | Val Acc: 0.9444
Epoch Time: 118.13s
No improvement for 1 epoch(s)
Checkpoint saved: /projects/e32998/MIL_training/final_runs/run_20260318_033402/checkpoints/20260318_040045_HierarchicalAttnMIL_epoch10.pth

Epoch 11/30 (LR: 2.08e-04)
Train Loss: 0.0007 | Train CE: 0.0016 | Train Patch Entropy: 0.9091 | Val Loss: 0.0898 | Val Acc: 0.9444
Epoch Time: 121.31s
No improvement for 2 epoch(s)
Checkpoint saved: /projects/e32998/MIL_training/final_runs/run_20260318_033402/checkpoints/20260318_040246_HierarchicalAttnMIL_epoch11.pth

Epoch 12/30 (LR: 2.08e-04)
Train Loss: 0.0002 | Train CE: 0.0011 | Train Patch Entropy: 0.9045 | Val Loss: 0.0957 | Val Acc: 0.9444
Epoch Time: 119.73s
No improvement for 3 epoch(s)
Checkpoint saved: /projects/e32998/MIL_training/final_runs/run_20260318_033402/checkpoints/20260318_040446_HierarchicalAttnMIL_epoch12.pth

Epoch 13/30 (LR: 2.08e-04)
Train Loss: -0.0003 | Train CE: 0.0006 | Train Patch Entropy: 0.9023 | Val Loss: 0.0998 | Val Acc: 0.9444
Epoch Time: 119.38s
No improvement for 4 epoch(s)
Checkpoint saved: /projects/e32998/MIL_training/final_runs/run_20260318_033402/checkpoints/20260318_040645_HierarchicalAttnMIL_epoch13.pth

Epoch 14/30 (LR: 2.08e-04)
Train Loss: 0.0004 | Train CE: 0.0013 | Train Patch Entropy: 0.9011 | Val Loss: 0.1257 | Val Acc: 0.9444
Epoch Time: 133.96s
No improvement for 5 epoch(s)
Checkpoint saved: /projects/e32998/MIL_training/final_runs/run_20260318_033402/checkpoints/20260318_040859_HierarchicalAttnMIL_epoch14.pth

Epoch 15/30 (LR: 4.45e-05)
Train Loss: -0.0003 | Train CE: 0.0006 | Train Patch Entropy: 0.8968 | Val Loss: 0.1207 | Val Acc: 0.9444
Epoch Time: 135.56s
No improvement for 6 epoch(s)
Checkpoint saved: /projects/e32998/MIL_training/final_runs/run_20260318_033402/checkpoints/20260318_041115_HierarchicalAttnMIL_epoch15.pth

Epoch 16/30 (LR: 4.45e-05)
Train Loss: -0.0004 | Train CE: 0.0005 | Train Patch Entropy: 0.8965 | Val Loss: 0.1192 | Val Acc: 0.9444
Epoch Time: 126.31s
No improvement for 7 epoch(s)
Checkpoint saved: /projects/e32998/MIL_training/final_runs/run_20260318_033402/checkpoints/20260318_041321_HierarchicalAttnMIL_epoch16.pth

Epoch 17/30 (LR: 4.45e-05)
Train Loss: -0.0002 | Train CE: 0.0007 | Train Patch Entropy: 0.8953 | Val Loss: 0.1140 | Val Acc: 0.9444
Epoch Time: 126.51s
No improvement for 8 epoch(s)
Checkpoint saved: /projects/e32998/MIL_training/final_runs/run_20260318_033402/checkpoints/20260318_041528_HierarchicalAttnMIL_epoch17.pth

Early stopping triggered at epoch 17. Best val loss: 0.0799

Training completed!

Reloading best checkpoint before test evaluation: /projects/e32998/MIL_training/final_runs/run_20260318_033402/checkpoints/best.pth
Checkpoint loaded: /projects/e32998/MIL_training/final_runs/run_20260318_033402/checkpoints/best.pth (epoch=9)

============================================================
EVALUATING MODEL
============================================================

Test Results:
  Test Loss: 0.4885
  Test Acc:  0.8889
  Samples:   18
Predictions saved to: /projects/e32998/MIL_training/final_runs/run_20260318_033402/predictions_best.csv
Confusion matrix saved to: /projects/e32998/MIL_training/final_runs/run_20260318_033402/confusion_matrix.png

Finished split=split_1_data_splits_new_01, seed=5 in 2516.92s

Running split_1_data_splits_new_01 | seed=6
Random seed set to 6
Using CPU
Created run directory: /projects/e32998/MIL_training/final_runs/run_20260318_041559
================================================================================
HIERARCHICAL ATTENTION MIL TRAINING
================================================================================
Split: split_1_data_splits_new_01
Seed: 6
Arguments: {'labels_csv': '/projects/e32998/STAT390_Krish/Code/Code4_reduce_runtime/extra_benign_case_grade_match.csv', 'patches_dir': '/projects/e32998/patches_benign_split', 'epochs': 30, 'lr': 0.000208, 'batch_size': 1, 'num_workers': 2, 'embed_dim': 512, 'per_slice_cap': 500, 'max_slices_per_stain': 5, 'seed': 6, 'resume': None, 'eval_only': False, 'analyze_attention': False, 'attention_top_n': 5, 'load_splits': '/home/zel9906/STAT390_Team4/Presentation_4_code_Zoe_mar17/no_train_val_leakage_splits/data_splits_new_01.npz', 'multi_run': True, 'splits_dir': '/home/zel9906/STAT390_Team4/Presentation_4_code_Zoe_mar17/no_train_val_leakage_splits', 'seeds': [1, 2, 3, 4, 5, 6, 7, 8, 9, 10], 'aggregate_output_dir': '/home/zel9906/STAT390_Team4/Presentation_4_code_Zoe_mar17/patch_order_results', 'split_name': None, 'checkpoint_dir': '/projects/e32998/MIL_training/final_runs/run_20260318_041559/checkpoints'}
============================================================
PREPARING DATA
============================================================
Loaded 118 labels
Found 83630 patch files
All 3808 non-standard file names were handled.
Grouped into 383 slices
Mapped 371 slices to classes
Class distribution: {1: 238, 0: 133}

----------------------------------------
SPLITTING DATA
----------------------------------------
Loading existing splits from: /home/zel9906/STAT390_Team4/Presentation_4_code_Zoe_mar17/no_train_val_leakage_splits/data_splits_new_01.npz
Data splits loaded from: /home/zel9906/STAT390_Team4/Presentation_4_code_Zoe_mar17/no_train_val_leakage_splits/data_splits_new_01.npz
Loaded splits - Train: 247, Val: 53, Test: 71
Cases per split: 57 18 18
Paths per split: 51810 14101 14130
No leakage between train & val (cases).
No leakage between train & test (cases).
No leakage between val & test (cases).
No leakage between train & val (paths).
No leakage between train & test (paths).
No leakage between val & test (paths).

Data Summary:
==================================================

Label distribution per split:
label   0   1
split        
test    7  11
train  21  36
val     7  11

Mean patches per stain per split:
       h&e_patches  melan_patches  sox10_patches
split                                           
test         404.4          203.2          177.3
train        440.7          258.6          209.6
val          405.0          201.1          177.3

Median patches per stain per split:
       h&e_patches  melan_patches  sox10_patches
split                                           
test         306.0          174.0          148.0
train        328.0          194.0          155.0
val          326.5          167.5          164.0

Missing stain proportion:
       h&e_missing  melan_missing  sox10_missing
split                                           
test           0.0          0.000          0.000
train          0.0          0.035          0.035
val            0.0          0.000          0.000

Total cases: 93
Total patches: 80,041
==================================================

Patch count by class for Train:
  Benign (0):     16334 patches
  High-grade (1): 35476 patches

Patch count by class for Validation:
  Benign (0):     4875 patches
  High-grade (1): 9226 patches

Patch count by class for Test:
  Benign (0):     4571 patches
  High-grade (1): 9559 patches

Data Integrity Check for Train:
Stain coverage:
  h&e: 57/57 (100.0%)
  melan: 55/57 (96.5%)
  sox10: 55/57 (96.5%)
No issues found

Data Integrity Check for Validation:
Stain coverage:
  h&e: 18/18 (100.0%)
  melan: 18/18 (100.0%)
  sox10: 18/18 (100.0%)
No issues found

Data Integrity Check for Test:
Stain coverage:
  h&e: 18/18 (100.0%)
  melan: 18/18 (100.0%)
  sox10: 18/18 (100.0%)
No issues found

============================================================
CREATING DATA LOADERS (POOLED FEATURES)
============================================================
Created data loaders - Train: 57, Val: 18, Test: 18

============================================================
CREATING MODEL
============================================================

Model Summary:
==================================================
Total parameters: 2,493,061
Trainable parameters: 2,493,061
Model size: 9.51 MB
==================================================

============================================================
TRAINING MODEL
============================================================
Starting training from epoch 1 to 30
Device: cpu
Model parameters: 2,493,061
LR scheduler: ReduceLROnPlateau
Patch entropy regularization enabled (lambda=0.001, mode=max, normalize=True) -> maximize entropy (smoother attention)
Early stopping enabled (patience=8, min_delta=0.001, min_epochs=10)

Epoch 1/30 (LR: 2.08e-04)
Train Loss: 0.9862 | Train CE: 0.9872 | Train Patch Entropy: 0.9953 | Val Loss: 0.4907 | Val Acc: 0.7778
Epoch Time: 123.52s
New best validation loss: 0.4907
Checkpoint saved: /projects/e32998/MIL_training/final_runs/run_20260318_041559/checkpoints/20260318_041803_HierarchicalAttnMIL_epoch1.pth
Best checkpoint updated: /projects/e32998/MIL_training/final_runs/run_20260318_041559/checkpoints/best.pth

Epoch 2/30 (LR: 2.08e-04)
Train Loss: 0.3959 | Train CE: 0.3969 | Train Patch Entropy: 0.9807 | Val Loss: 0.3951 | Val Acc: 0.7778
Epoch Time: 136.85s
New best validation loss: 0.3951
Checkpoint saved: /projects/e32998/MIL_training/final_runs/run_20260318_041559/checkpoints/20260318_042020_HierarchicalAttnMIL_epoch2.pth
Best checkpoint updated: /projects/e32998/MIL_training/final_runs/run_20260318_041559/checkpoints/best.pth

Epoch 3/30 (LR: 2.08e-04)
Train Loss: 0.1915 | Train CE: 0.1924 | Train Patch Entropy: 0.9700 | Val Loss: 0.3987 | Val Acc: 0.8333
Epoch Time: 124.35s
No improvement for 1 epoch(s)
Checkpoint saved: /projects/e32998/MIL_training/final_runs/run_20260318_041559/checkpoints/20260318_042225_HierarchicalAttnMIL_epoch3.pth

Epoch 4/30 (LR: 2.08e-04)
Train Loss: 0.1094 | Train CE: 0.1104 | Train Patch Entropy: 0.9652 | Val Loss: 0.5035 | Val Acc: 0.8333
Epoch Time: 118.03s
No improvement for 2 epoch(s)
Checkpoint saved: /projects/e32998/MIL_training/final_runs/run_20260318_041559/checkpoints/20260318_042423_HierarchicalAttnMIL_epoch4.pth

Epoch 5/30 (LR: 2.08e-04)
Train Loss: 0.1219 | Train CE: 0.1228 | Train Patch Entropy: 0.9354 | Val Loss: 0.4316 | Val Acc: 0.8333
Epoch Time: 132.82s
No improvement for 3 epoch(s)
Checkpoint saved: /projects/e32998/MIL_training/final_runs/run_20260318_041559/checkpoints/20260318_042636_HierarchicalAttnMIL_epoch5.pth

Epoch 6/30 (LR: 2.08e-04)
Train Loss: 0.1194 | Train CE: 0.1203 | Train Patch Entropy: 0.9467 | Val Loss: 0.5567 | Val Acc: 0.6667
Epoch Time: 134.82s
No improvement for 4 epoch(s)
Checkpoint saved: /projects/e32998/MIL_training/final_runs/run_20260318_041559/checkpoints/20260318_042851_HierarchicalAttnMIL_epoch6.pth

Epoch 7/30 (LR: 2.08e-04)
Train Loss: 0.1019 | Train CE: 0.1029 | Train Patch Entropy: 0.9897 | Val Loss: 0.3076 | Val Acc: 0.8889
Epoch Time: 129.73s
New best validation loss: 0.3076
Checkpoint saved: /projects/e32998/MIL_training/final_runs/run_20260318_041559/checkpoints/20260318_043100_HierarchicalAttnMIL_epoch7.pth
Best checkpoint updated: /projects/e32998/MIL_training/final_runs/run_20260318_041559/checkpoints/best.pth

Epoch 8/30 (LR: 2.08e-04)
Train Loss: 0.0228 | Train CE: 0.0238 | Train Patch Entropy: 0.9852 | Val Loss: 0.2724 | Val Acc: 0.8889
Epoch Time: 116.12s
New best validation loss: 0.2724
Checkpoint saved: /projects/e32998/MIL_training/final_runs/run_20260318_041559/checkpoints/20260318_043257_HierarchicalAttnMIL_epoch8.pth
Best checkpoint updated: /projects/e32998/MIL_training/final_runs/run_20260318_041559/checkpoints/best.pth

Epoch 9/30 (LR: 2.08e-04)
Train Loss: 0.0015 | Train CE: 0.0025 | Train Patch Entropy: 0.9810 | Val Loss: 0.2543 | Val Acc: 0.8889
Epoch Time: 118.31s
New best validation loss: 0.2543
Checkpoint saved: /projects/e32998/MIL_training/final_runs/run_20260318_041559/checkpoints/20260318_043455_HierarchicalAttnMIL_epoch9.pth
Best checkpoint updated: /projects/e32998/MIL_training/final_runs/run_20260318_041559/checkpoints/best.pth

Epoch 10/30 (LR: 2.08e-04)
Train Loss: 0.0023 | Train CE: 0.0033 | Train Patch Entropy: 0.9779 | Val Loss: 0.2933 | Val Acc: 0.8889
Epoch Time: 125.18s
No improvement for 1 epoch(s)
Checkpoint saved: /projects/e32998/MIL_training/final_runs/run_20260318_041559/checkpoints/20260318_043700_HierarchicalAttnMIL_epoch10.pth

Epoch 11/30 (LR: 2.08e-04)
Train Loss: 0.0005 | Train CE: 0.0015 | Train Patch Entropy: 0.9766 | Val Loss: 0.3156 | Val Acc: 0.8889
Epoch Time: 127.44s
No improvement for 2 epoch(s)
Checkpoint saved: /projects/e32998/MIL_training/final_runs/run_20260318_041559/checkpoints/20260318_043908_HierarchicalAttnMIL_epoch11.pth

Epoch 12/30 (LR: 2.08e-04)
Train Loss: 0.0002 | Train CE: 0.0012 | Train Patch Entropy: 0.9742 | Val Loss: 0.3472 | Val Acc: 0.8889
Epoch Time: 124.49s
No improvement for 3 epoch(s)
Checkpoint saved: /projects/e32998/MIL_training/final_runs/run_20260318_041559/checkpoints/20260318_044112_HierarchicalAttnMIL_epoch12.pth

Epoch 13/30 (LR: 2.08e-04)
Train Loss: 0.0003 | Train CE: 0.0013 | Train Patch Entropy: 0.9739 | Val Loss: 0.2531 | Val Acc: 0.8889
Epoch Time: 120.34s
New best validation loss: 0.2531
Checkpoint saved: /projects/e32998/MIL_training/final_runs/run_20260318_041559/checkpoints/20260318_044313_HierarchicalAttnMIL_epoch13.pth
Best checkpoint updated: /projects/e32998/MIL_training/final_runs/run_20260318_041559/checkpoints/best.pth

Epoch 14/30 (LR: 2.08e-04)
Train Loss: -0.0001 | Train CE: 0.0008 | Train Patch Entropy: 0.9729 | Val Loss: 0.2993 | Val Acc: 0.8889
Epoch Time: 121.39s
No improvement for 1 epoch(s)
Checkpoint saved: /projects/e32998/MIL_training/final_runs/run_20260318_041559/checkpoints/20260318_044514_HierarchicalAttnMIL_epoch14.pth

Epoch 15/30 (LR: 2.08e-04)
Train Loss: -0.0002 | Train CE: 0.0008 | Train Patch Entropy: 0.9715 | Val Loss: 0.3515 | Val Acc: 0.8889
Epoch Time: 130.50s
No improvement for 2 epoch(s)
Checkpoint saved: /projects/e32998/MIL_training/final_runs/run_20260318_041559/checkpoints/20260318_044725_HierarchicalAttnMIL_epoch15.pth

Epoch 16/30 (LR: 2.08e-04)
Train Loss: -0.0003 | Train CE: 0.0007 | Train Patch Entropy: 0.9703 | Val Loss: 0.3493 | Val Acc: 0.8889
Epoch Time: 126.78s
No improvement for 3 epoch(s)
Checkpoint saved: /projects/e32998/MIL_training/final_runs/run_20260318_041559/checkpoints/20260318_044932_HierarchicalAttnMIL_epoch16.pth

Epoch 17/30 (LR: 2.08e-04)
Train Loss: -0.0000 | Train CE: 0.0009 | Train Patch Entropy: 0.9679 | Val Loss: 0.3122 | Val Acc: 0.8889
Epoch Time: 128.53s
No improvement for 4 epoch(s)
Checkpoint saved: /projects/e32998/MIL_training/final_runs/run_20260318_041559/checkpoints/20260318_045140_HierarchicalAttnMIL_epoch17.pth

Epoch 18/30 (LR: 2.08e-04)
Train Loss: -0.0002 | Train CE: 0.0008 | Train Patch Entropy: 0.9670 | Val Loss: 0.3543 | Val Acc: 0.8333
Epoch Time: 134.43s
No improvement for 5 epoch(s)
Checkpoint saved: /projects/e32998/MIL_training/final_runs/run_20260318_041559/checkpoints/20260318_045355_HierarchicalAttnMIL_epoch18.pth

Epoch 19/30 (LR: 4.45e-05)
Train Loss: -0.0007 | Train CE: 0.0003 | Train Patch Entropy: 0.9662 | Val Loss: 0.3596 | Val Acc: 0.7778
Epoch Time: 118.48s
No improvement for 6 epoch(s)
Checkpoint saved: /projects/e32998/MIL_training/final_runs/run_20260318_041559/checkpoints/20260318_045553_HierarchicalAttnMIL_epoch19.pth

Epoch 20/30 (LR: 4.45e-05)
Train Loss: -0.0006 | Train CE: 0.0004 | Train Patch Entropy: 0.9649 | Val Loss: 0.3628 | Val Acc: 0.7778
Epoch Time: 131.65s
No improvement for 7 epoch(s)
Checkpoint saved: /projects/e32998/MIL_training/final_runs/run_20260318_041559/checkpoints/20260318_045805_HierarchicalAttnMIL_epoch20.pth

Epoch 21/30 (LR: 4.45e-05)
Train Loss: -0.0006 | Train CE: 0.0003 | Train Patch Entropy: 0.9652 | Val Loss: 0.3605 | Val Acc: 0.7778
Epoch Time: 131.45s
No improvement for 8 epoch(s)
Checkpoint saved: /projects/e32998/MIL_training/final_runs/run_20260318_041559/checkpoints/20260318_050016_HierarchicalAttnMIL_epoch21.pth

Early stopping triggered at epoch 21. Best val loss: 0.2531

Training completed!

Reloading best checkpoint before test evaluation: /projects/e32998/MIL_training/final_runs/run_20260318_041559/checkpoints/best.pth
Checkpoint loaded: /projects/e32998/MIL_training/final_runs/run_20260318_041559/checkpoints/best.pth (epoch=13)

============================================================
EVALUATING MODEL
============================================================

Test Results:
  Test Loss: 0.4285
  Test Acc:  0.7778
  Samples:   18
Predictions saved to: /projects/e32998/MIL_training/final_runs/run_20260318_041559/predictions_best.csv
Confusion matrix saved to: /projects/e32998/MIL_training/final_runs/run_20260318_041559/confusion_matrix.png

Finished split=split_1_data_splits_new_01, seed=6 in 2692.18s

Running split_1_data_splits_new_01 | seed=7
Random seed set to 7
Using CPU
Created run directory: /projects/e32998/MIL_training/final_runs/run_20260318_050052
================================================================================
HIERARCHICAL ATTENTION MIL TRAINING
================================================================================
Split: split_1_data_splits_new_01
Seed: 7
Arguments: {'labels_csv': '/projects/e32998/STAT390_Krish/Code/Code4_reduce_runtime/extra_benign_case_grade_match.csv', 'patches_dir': '/projects/e32998/patches_benign_split', 'epochs': 30, 'lr': 0.000208, 'batch_size': 1, 'num_workers': 2, 'embed_dim': 512, 'per_slice_cap': 500, 'max_slices_per_stain': 5, 'seed': 7, 'resume': None, 'eval_only': False, 'analyze_attention': False, 'attention_top_n': 5, 'load_splits': '/home/zel9906/STAT390_Team4/Presentation_4_code_Zoe_mar17/no_train_val_leakage_splits/data_splits_new_01.npz', 'multi_run': True, 'splits_dir': '/home/zel9906/STAT390_Team4/Presentation_4_code_Zoe_mar17/no_train_val_leakage_splits', 'seeds': [1, 2, 3, 4, 5, 6, 7, 8, 9, 10], 'aggregate_output_dir': '/home/zel9906/STAT390_Team4/Presentation_4_code_Zoe_mar17/patch_order_results', 'split_name': None, 'checkpoint_dir': '/projects/e32998/MIL_training/final_runs/run_20260318_050052/checkpoints'}
============================================================
PREPARING DATA
============================================================
Loaded 118 labels
Found 83630 patch files
All 3808 non-standard file names were handled.
Grouped into 383 slices
Mapped 371 slices to classes
Class distribution: {1: 238, 0: 133}

----------------------------------------
SPLITTING DATA
----------------------------------------
Loading existing splits from: /home/zel9906/STAT390_Team4/Presentation_4_code_Zoe_mar17/no_train_val_leakage_splits/data_splits_new_01.npz
Data splits loaded from: /home/zel9906/STAT390_Team4/Presentation_4_code_Zoe_mar17/no_train_val_leakage_splits/data_splits_new_01.npz
Loaded splits - Train: 247, Val: 53, Test: 71
Cases per split: 57 18 18
Paths per split: 51810 14101 14130
No leakage between train & val (cases).
No leakage between train & test (cases).
No leakage between val & test (cases).
No leakage between train & val (paths).
No leakage between train & test (paths).
No leakage between val & test (paths).

Data Summary:
==================================================

Label distribution per split:
label   0   1
split        
test    7  11
train  21  36
val     7  11

Mean patches per stain per split:
       h&e_patches  melan_patches  sox10_patches
split                                           
test         404.4          203.2          177.3
train        440.7          258.6          209.6
val          405.0          201.1          177.3

Median patches per stain per split:
       h&e_patches  melan_patches  sox10_patches
split                                           
test         306.0          174.0          148.0
train        328.0          194.0          155.0
val          326.5          167.5          164.0

Missing stain proportion:
       h&e_missing  melan_missing  sox10_missing
split                                           
test           0.0          0.000          0.000
train          0.0          0.035          0.035
val            0.0          0.000          0.000

Total cases: 93
Total patches: 80,041
==================================================

Patch count by class for Train:
  Benign (0):     16334 patches
  High-grade (1): 35476 patches

Patch count by class for Validation:
  Benign (0):     4875 patches
  High-grade (1): 9226 patches

Patch count by class for Test:
  Benign (0):     4571 patches
  High-grade (1): 9559 patches

Data Integrity Check for Train:
Stain coverage:
  h&e: 57/57 (100.0%)
  melan: 55/57 (96.5%)
  sox10: 55/57 (96.5%)
No issues found

Data Integrity Check for Validation:
Stain coverage:
  h&e: 18/18 (100.0%)
  melan: 18/18 (100.0%)
  sox10: 18/18 (100.0%)
No issues found

Data Integrity Check for Test:
Stain coverage:
  h&e: 18/18 (100.0%)
  melan: 18/18 (100.0%)
  sox10: 18/18 (100.0%)
No issues found

============================================================
CREATING DATA LOADERS (POOLED FEATURES)
============================================================
Created data loaders - Train: 57, Val: 18, Test: 18

============================================================
CREATING MODEL
============================================================

Model Summary:
==================================================
Total parameters: 2,493,061
Trainable parameters: 2,493,061
Model size: 9.51 MB
==================================================

============================================================
TRAINING MODEL
============================================================
Starting training from epoch 1 to 30
Device: cpu
Model parameters: 2,493,061
LR scheduler: ReduceLROnPlateau
Patch entropy regularization enabled (lambda=0.001, mode=max, normalize=True) -> maximize entropy (smoother attention)
Early stopping enabled (patience=8, min_delta=0.001, min_epochs=10)

Epoch 1/30 (LR: 2.08e-04)
Train Loss: 0.7680 | Train CE: 0.7690 | Train Patch Entropy: 0.9967 | Val Loss: 0.8850 | Val Acc: 0.4444
Epoch Time: 116.77s
New best validation loss: 0.8850
Checkpoint saved: /projects/e32998/MIL_training/final_runs/run_20260318_050052/checkpoints/20260318_050249_HierarchicalAttnMIL_epoch1.pth
Best checkpoint updated: /projects/e32998/MIL_training/final_runs/run_20260318_050052/checkpoints/best.pth

Epoch 2/30 (LR: 2.08e-04)
Train Loss: 0.3635 | Train CE: 0.3645 | Train Patch Entropy: 0.9854 | Val Loss: 0.6356 | Val Acc: 0.6667
Epoch Time: 120.53s
New best validation loss: 0.6356
Checkpoint saved: /projects/e32998/MIL_training/final_runs/run_20260318_050052/checkpoints/20260318_050450_HierarchicalAttnMIL_epoch2.pth
Best checkpoint updated: /projects/e32998/MIL_training/final_runs/run_20260318_050052/checkpoints/best.pth

Epoch 3/30 (LR: 2.08e-04)
Train Loss: 0.1850 | Train CE: 0.1860 | Train Patch Entropy: 0.9750 | Val Loss: 0.5673 | Val Acc: 0.6667
Epoch Time: 130.62s
New best validation loss: 0.5673
Checkpoint saved: /projects/e32998/MIL_training/final_runs/run_20260318_050052/checkpoints/20260318_050701_HierarchicalAttnMIL_epoch3.pth
Best checkpoint updated: /projects/e32998/MIL_training/final_runs/run_20260318_050052/checkpoints/best.pth

Epoch 4/30 (LR: 2.08e-04)
Train Loss: 0.2134 | Train CE: 0.2144 | Train Patch Entropy: 0.9730 | Val Loss: 0.2783 | Val Acc: 0.8889
Epoch Time: 121.33s
New best validation loss: 0.2783
Checkpoint saved: /projects/e32998/MIL_training/final_runs/run_20260318_050052/checkpoints/20260318_050902_HierarchicalAttnMIL_epoch4.pth
Best checkpoint updated: /projects/e32998/MIL_training/final_runs/run_20260318_050052/checkpoints/best.pth

Epoch 5/30 (LR: 2.08e-04)
Train Loss: 0.0872 | Train CE: 0.0882 | Train Patch Entropy: 0.9591 | Val Loss: 0.3106 | Val Acc: 0.8333
Epoch Time: 127.28s
No improvement for 1 epoch(s)
Checkpoint saved: /projects/e32998/MIL_training/final_runs/run_20260318_050052/checkpoints/20260318_051109_HierarchicalAttnMIL_epoch5.pth

Epoch 6/30 (LR: 2.08e-04)
Train Loss: 0.0209 | Train CE: 0.0219 | Train Patch Entropy: 0.9380 | Val Loss: 0.3706 | Val Acc: 0.7778
Epoch Time: 122.78s
No improvement for 2 epoch(s)
Checkpoint saved: /projects/e32998/MIL_training/final_runs/run_20260318_050052/checkpoints/20260318_051312_HierarchicalAttnMIL_epoch6.pth

Epoch 7/30 (LR: 2.08e-04)
Train Loss: 0.0346 | Train CE: 0.0355 | Train Patch Entropy: 0.9297 | Val Loss: 0.4700 | Val Acc: 0.8333
Epoch Time: 121.76s
No improvement for 3 epoch(s)
Checkpoint saved: /projects/e32998/MIL_training/final_runs/run_20260318_050052/checkpoints/20260318_051514_HierarchicalAttnMIL_epoch7.pth

Epoch 8/30 (LR: 2.08e-04)
Train Loss: 0.3706 | Train CE: 0.3716 | Train Patch Entropy: 0.9606 | Val Loss: 0.3623 | Val Acc: 0.7778
Epoch Time: 127.28s
No improvement for 4 epoch(s)
Checkpoint saved: /projects/e32998/MIL_training/final_runs/run_20260318_050052/checkpoints/20260318_051721_HierarchicalAttnMIL_epoch8.pth

Epoch 9/30 (LR: 2.08e-04)
Train Loss: 0.1058 | Train CE: 0.1068 | Train Patch Entropy: 0.9835 | Val Loss: 0.3678 | Val Acc: 0.8333
Epoch Time: 124.29s
No improvement for 5 epoch(s)
Checkpoint saved: /projects/e32998/MIL_training/final_runs/run_20260318_050052/checkpoints/20260318_051926_HierarchicalAttnMIL_epoch9.pth

Epoch 10/30 (LR: 4.45e-05)
Train Loss: 0.0170 | Train CE: 0.0180 | Train Patch Entropy: 0.9811 | Val Loss: 0.2663 | Val Acc: 0.8333
Epoch Time: 134.84s
New best validation loss: 0.2663
Checkpoint saved: /projects/e32998/MIL_training/final_runs/run_20260318_050052/checkpoints/20260318_052140_HierarchicalAttnMIL_epoch10.pth
Best checkpoint updated: /projects/e32998/MIL_training/final_runs/run_20260318_050052/checkpoints/best.pth

Epoch 11/30 (LR: 4.45e-05)
Train Loss: 0.0050 | Train CE: 0.0060 | Train Patch Entropy: 0.9799 | Val Loss: 0.2789 | Val Acc: 0.8333
Epoch Time: 129.71s
No improvement for 1 epoch(s)
Checkpoint saved: /projects/e32998/MIL_training/final_runs/run_20260318_050052/checkpoints/20260318_052350_HierarchicalAttnMIL_epoch11.pth

Epoch 12/30 (LR: 4.45e-05)
Train Loss: 0.0071 | Train CE: 0.0081 | Train Patch Entropy: 0.9786 | Val Loss: 0.2777 | Val Acc: 0.8333
Epoch Time: 118.72s
No improvement for 2 epoch(s)
Checkpoint saved: /projects/e32998/MIL_training/final_runs/run_20260318_050052/checkpoints/20260318_052549_HierarchicalAttnMIL_epoch12.pth

Epoch 13/30 (LR: 4.45e-05)
Train Loss: 0.0041 | Train CE: 0.0051 | Train Patch Entropy: 0.9775 | Val Loss: 0.2757 | Val Acc: 0.8333
Epoch Time: 135.02s
No improvement for 3 epoch(s)
Checkpoint saved: /projects/e32998/MIL_training/final_runs/run_20260318_050052/checkpoints/20260318_052804_HierarchicalAttnMIL_epoch13.pth

Epoch 14/30 (LR: 4.45e-05)
Train Loss: 0.0063 | Train CE: 0.0073 | Train Patch Entropy: 0.9770 | Val Loss: 0.2896 | Val Acc: 0.8333
Epoch Time: 128.14s
No improvement for 4 epoch(s)
Checkpoint saved: /projects/e32998/MIL_training/final_runs/run_20260318_050052/checkpoints/20260318_053012_HierarchicalAttnMIL_epoch14.pth

Epoch 15/30 (LR: 4.45e-05)
Train Loss: 0.0025 | Train CE: 0.0035 | Train Patch Entropy: 0.9762 | Val Loss: 0.2963 | Val Acc: 0.8333
Epoch Time: 130.43s
No improvement for 5 epoch(s)
Checkpoint saved: /projects/e32998/MIL_training/final_runs/run_20260318_050052/checkpoints/20260318_053223_HierarchicalAttnMIL_epoch15.pth

Epoch 16/30 (LR: 9.52e-06)
Train Loss: 0.0051 | Train CE: 0.0060 | Train Patch Entropy: 0.9761 | Val Loss: 0.3035 | Val Acc: 0.8889
Epoch Time: 125.41s
No improvement for 6 epoch(s)
Checkpoint saved: /projects/e32998/MIL_training/final_runs/run_20260318_050052/checkpoints/20260318_053428_HierarchicalAttnMIL_epoch16.pth

Epoch 17/30 (LR: 9.52e-06)
Train Loss: 0.0040 | Train CE: 0.0049 | Train Patch Entropy: 0.9760 | Val Loss: 0.2983 | Val Acc: 0.8333
Epoch Time: 122.65s
No improvement for 7 epoch(s)
Checkpoint saved: /projects/e32998/MIL_training/final_runs/run_20260318_050052/checkpoints/20260318_053631_HierarchicalAttnMIL_epoch17.pth

Epoch 18/30 (LR: 9.52e-06)
Train Loss: 0.0045 | Train CE: 0.0055 | Train Patch Entropy: 0.9754 | Val Loss: 0.2936 | Val Acc: 0.8333
Epoch Time: 123.03s
No improvement for 8 epoch(s)
Checkpoint saved: /projects/e32998/MIL_training/final_runs/run_20260318_050052/checkpoints/20260318_053834_HierarchicalAttnMIL_epoch18.pth

Early stopping triggered at epoch 18. Best val loss: 0.2663

Training completed!

Reloading best checkpoint before test evaluation: /projects/e32998/MIL_training/final_runs/run_20260318_050052/checkpoints/best.pth
Checkpoint loaded: /projects/e32998/MIL_training/final_runs/run_20260318_050052/checkpoints/best.pth (epoch=10)

============================================================
EVALUATING MODEL
============================================================

Test Results:
  Test Loss: 0.3435
  Test Acc:  0.8333
  Samples:   18
Predictions saved to: /projects/e32998/MIL_training/final_runs/run_20260318_050052/predictions_best.csv
Confusion matrix saved to: /projects/e32998/MIL_training/final_runs/run_20260318_050052/confusion_matrix.png

Finished split=split_1_data_splits_new_01, seed=7 in 2292.41s

Running split_1_data_splits_new_01 | seed=8
Random seed set to 8
Using CPU
Created run directory: /projects/e32998/MIL_training/final_runs/run_20260318_053904
================================================================================
HIERARCHICAL ATTENTION MIL TRAINING
================================================================================
Split: split_1_data_splits_new_01
Seed: 8
Arguments: {'labels_csv': '/projects/e32998/STAT390_Krish/Code/Code4_reduce_runtime/extra_benign_case_grade_match.csv', 'patches_dir': '/projects/e32998/patches_benign_split', 'epochs': 30, 'lr': 0.000208, 'batch_size': 1, 'num_workers': 2, 'embed_dim': 512, 'per_slice_cap': 500, 'max_slices_per_stain': 5, 'seed': 8, 'resume': None, 'eval_only': False, 'analyze_attention': False, 'attention_top_n': 5, 'load_splits': '/home/zel9906/STAT390_Team4/Presentation_4_code_Zoe_mar17/no_train_val_leakage_splits/data_splits_new_01.npz', 'multi_run': True, 'splits_dir': '/home/zel9906/STAT390_Team4/Presentation_4_code_Zoe_mar17/no_train_val_leakage_splits', 'seeds': [1, 2, 3, 4, 5, 6, 7, 8, 9, 10], 'aggregate_output_dir': '/home/zel9906/STAT390_Team4/Presentation_4_code_Zoe_mar17/patch_order_results', 'split_name': None, 'checkpoint_dir': '/projects/e32998/MIL_training/final_runs/run_20260318_053904/checkpoints'}
============================================================
PREPARING DATA
============================================================
Loaded 118 labels
Found 83630 patch files
All 3808 non-standard file names were handled.
Grouped into 383 slices
Mapped 371 slices to classes
Class distribution: {1: 238, 0: 133}

----------------------------------------
SPLITTING DATA
----------------------------------------
Loading existing splits from: /home/zel9906/STAT390_Team4/Presentation_4_code_Zoe_mar17/no_train_val_leakage_splits/data_splits_new_01.npz
Data splits loaded from: /home/zel9906/STAT390_Team4/Presentation_4_code_Zoe_mar17/no_train_val_leakage_splits/data_splits_new_01.npz
Loaded splits - Train: 247, Val: 53, Test: 71
Cases per split: 57 18 18
Paths per split: 51810 14101 14130
No leakage between train & val (cases).
No leakage between train & test (cases).
No leakage between val & test (cases).
No leakage between train & val (paths).
No leakage between train & test (paths).
No leakage between val & test (paths).

Data Summary:
==================================================

Label distribution per split:
label   0   1
split        
test    7  11
train  21  36
val     7  11

Mean patches per stain per split:
       h&e_patches  melan_patches  sox10_patches
split                                           
test         404.4          203.2          177.3
train        440.7          258.6          209.6
val          405.0          201.1          177.3

Median patches per stain per split:
       h&e_patches  melan_patches  sox10_patches
split                                           
test         306.0          174.0          148.0
train        328.0          194.0          155.0
val          326.5          167.5          164.0

Missing stain proportion:
       h&e_missing  melan_missing  sox10_missing
split                                           
test           0.0          0.000          0.000
train          0.0          0.035          0.035
val            0.0          0.000          0.000

Total cases: 93
Total patches: 80,041
==================================================

Patch count by class for Train:
  Benign (0):     16334 patches
  High-grade (1): 35476 patches

Patch count by class for Validation:
  Benign (0):     4875 patches
  High-grade (1): 9226 patches

Patch count by class for Test:
  Benign (0):     4571 patches
  High-grade (1): 9559 patches

Data Integrity Check for Train:
Stain coverage:
  h&e: 57/57 (100.0%)
  melan: 55/57 (96.5%)
  sox10: 55/57 (96.5%)
No issues found

Data Integrity Check for Validation:
Stain coverage:
  h&e: 18/18 (100.0%)
  melan: 18/18 (100.0%)
  sox10: 18/18 (100.0%)
No issues found

Data Integrity Check for Test:
Stain coverage:
  h&e: 18/18 (100.0%)
  melan: 18/18 (100.0%)
  sox10: 18/18 (100.0%)
No issues found

============================================================
CREATING DATA LOADERS (POOLED FEATURES)
============================================================
Created data loaders - Train: 57, Val: 18, Test: 18

============================================================
CREATING MODEL
============================================================

Model Summary:
==================================================
Total parameters: 2,493,061
Trainable parameters: 2,493,061
Model size: 9.51 MB
==================================================

============================================================
TRAINING MODEL
============================================================
Starting training from epoch 1 to 30
Device: cpu
Model parameters: 2,493,061
LR scheduler: ReduceLROnPlateau
Patch entropy regularization enabled (lambda=0.001, mode=max, normalize=True) -> maximize entropy (smoother attention)
Early stopping enabled (patience=8, min_delta=0.001, min_epochs=10)

Epoch 1/30 (LR: 2.08e-04)
Train Loss: 0.8668 | Train CE: 0.8678 | Train Patch Entropy: 0.9956 | Val Loss: 0.7654 | Val Acc: 0.6111
Epoch Time: 122.76s
New best validation loss: 0.7654
Checkpoint saved: /projects/e32998/MIL_training/final_runs/run_20260318_053904/checkpoints/20260318_054108_HierarchicalAttnMIL_epoch1.pth
Best checkpoint updated: /projects/e32998/MIL_training/final_runs/run_20260318_053904/checkpoints/best.pth

Epoch 2/30 (LR: 2.08e-04)
Train Loss: 0.3958 | Train CE: 0.3968 | Train Patch Entropy: 0.9678 | Val Loss: 0.3004 | Val Acc: 0.8889
Epoch Time: 117.42s
New best validation loss: 0.3004
Checkpoint saved: /projects/e32998/MIL_training/final_runs/run_20260318_053904/checkpoints/20260318_054305_HierarchicalAttnMIL_epoch2.pth
Best checkpoint updated: /projects/e32998/MIL_training/final_runs/run_20260318_053904/checkpoints/best.pth

Epoch 3/30 (LR: 2.08e-04)
Train Loss: 0.2863 | Train CE: 0.2873 | Train Patch Entropy: 0.9716 | Val Loss: 0.7591 | Val Acc: 0.6667
Epoch Time: 128.62s
No improvement for 1 epoch(s)
Checkpoint saved: /projects/e32998/MIL_training/final_runs/run_20260318_053904/checkpoints/20260318_054514_HierarchicalAttnMIL_epoch3.pth

Epoch 4/30 (LR: 2.08e-04)
Train Loss: 0.1925 | Train CE: 0.1935 | Train Patch Entropy: 0.9538 | Val Loss: 0.1856 | Val Acc: 0.9444
Epoch Time: 126.77s
New best validation loss: 0.1856
Checkpoint saved: /projects/e32998/MIL_training/final_runs/run_20260318_053904/checkpoints/20260318_054721_HierarchicalAttnMIL_epoch4.pth
Best checkpoint updated: /projects/e32998/MIL_training/final_runs/run_20260318_053904/checkpoints/best.pth

Epoch 5/30 (LR: 2.08e-04)
Train Loss: 0.0826 | Train CE: 0.0836 | Train Patch Entropy: 0.9513 | Val Loss: 0.2085 | Val Acc: 0.9444
Epoch Time: 119.82s
No improvement for 1 epoch(s)
Checkpoint saved: /projects/e32998/MIL_training/final_runs/run_20260318_053904/checkpoints/20260318_054921_HierarchicalAttnMIL_epoch5.pth

Epoch 6/30 (LR: 2.08e-04)
Train Loss: 0.0069 | Train CE: 0.0078 | Train Patch Entropy: 0.9429 | Val Loss: 0.1573 | Val Acc: 0.9444
Epoch Time: 119.76s
New best validation loss: 0.1573
Checkpoint saved: /projects/e32998/MIL_training/final_runs/run_20260318_053904/checkpoints/20260318_055120_HierarchicalAttnMIL_epoch6.pth
Best checkpoint updated: /projects/e32998/MIL_training/final_runs/run_20260318_053904/checkpoints/best.pth

Epoch 7/30 (LR: 2.08e-04)
Train Loss: 0.0040 | Train CE: 0.0049 | Train Patch Entropy: 0.9345 | Val Loss: 0.1443 | Val Acc: 0.9444
Epoch Time: 125.46s
New best validation loss: 0.1443
Checkpoint saved: /projects/e32998/MIL_training/final_runs/run_20260318_053904/checkpoints/20260318_055326_HierarchicalAttnMIL_epoch7.pth
Best checkpoint updated: /projects/e32998/MIL_training/final_runs/run_20260318_053904/checkpoints/best.pth

Epoch 8/30 (LR: 2.08e-04)
Train Loss: 0.0017 | Train CE: 0.0027 | Train Patch Entropy: 0.9285 | Val Loss: 0.1246 | Val Acc: 0.9444
Epoch Time: 135.81s
New best validation loss: 0.1246
Checkpoint saved: /projects/e32998/MIL_training/final_runs/run_20260318_053904/checkpoints/20260318_055542_HierarchicalAttnMIL_epoch8.pth
Best checkpoint updated: /projects/e32998/MIL_training/final_runs/run_20260318_053904/checkpoints/best.pth

Epoch 9/30 (LR: 2.08e-04)
Train Loss: 0.0033 | Train CE: 0.0043 | Train Patch Entropy: 0.9229 | Val Loss: 0.1529 | Val Acc: 0.9444
Epoch Time: 130.12s
No improvement for 1 epoch(s)
Checkpoint saved: /projects/e32998/MIL_training/final_runs/run_20260318_053904/checkpoints/20260318_055752_HierarchicalAttnMIL_epoch9.pth

Epoch 10/30 (LR: 2.08e-04)
Train Loss: 0.0004 | Train CE: 0.0013 | Train Patch Entropy: 0.9185 | Val Loss: 0.1013 | Val Acc: 0.9444
Epoch Time: 129.23s
New best validation loss: 0.1013
Checkpoint saved: /projects/e32998/MIL_training/final_runs/run_20260318_053904/checkpoints/20260318_060001_HierarchicalAttnMIL_epoch10.pth
Best checkpoint updated: /projects/e32998/MIL_training/final_runs/run_20260318_053904/checkpoints/best.pth

Epoch 11/30 (LR: 2.08e-04)
Train Loss: -0.0003 | Train CE: 0.0006 | Train Patch Entropy: 0.9161 | Val Loss: 0.1006 | Val Acc: 0.9444
Epoch Time: 128.96s
No improvement for 1 epoch(s)
Checkpoint saved: /projects/e32998/MIL_training/final_runs/run_20260318_053904/checkpoints/20260318_060210_HierarchicalAttnMIL_epoch11.pth

Epoch 12/30 (LR: 2.08e-04)
Train Loss: -0.0002 | Train CE: 0.0007 | Train Patch Entropy: 0.9148 | Val Loss: 0.0817 | Val Acc: 0.9444
Epoch Time: 126.45s
New best validation loss: 0.0817
Checkpoint saved: /projects/e32998/MIL_training/final_runs/run_20260318_053904/checkpoints/20260318_060417_HierarchicalAttnMIL_epoch12.pth
Best checkpoint updated: /projects/e32998/MIL_training/final_runs/run_20260318_053904/checkpoints/best.pth

Epoch 13/30 (LR: 2.08e-04)
Train Loss: -0.0004 | Train CE: 0.0005 | Train Patch Entropy: 0.9138 | Val Loss: 0.1038 | Val Acc: 0.9444
Epoch Time: 126.24s
No improvement for 1 epoch(s)
Checkpoint saved: /projects/e32998/MIL_training/final_runs/run_20260318_053904/checkpoints/20260318_060623_HierarchicalAttnMIL_epoch13.pth

Epoch 14/30 (LR: 2.08e-04)
Train Loss: -0.0006 | Train CE: 0.0003 | Train Patch Entropy: 0.9108 | Val Loss: 0.1275 | Val Acc: 0.9444
Epoch Time: 113.76s
No improvement for 2 epoch(s)
Checkpoint saved: /projects/e32998/MIL_training/final_runs/run_20260318_053904/checkpoints/20260318_060817_HierarchicalAttnMIL_epoch14.pth

Epoch 15/30 (LR: 2.08e-04)
Train Loss: -0.0005 | Train CE: 0.0004 | Train Patch Entropy: 0.9112 | Val Loss: 0.0927 | Val Acc: 0.9444
Epoch Time: 126.74s
No improvement for 3 epoch(s)
Checkpoint saved: /projects/e32998/MIL_training/final_runs/run_20260318_053904/checkpoints/20260318_061024_HierarchicalAttnMIL_epoch15.pth

Epoch 16/30 (LR: 2.08e-04)
Train Loss: -0.0006 | Train CE: 0.0003 | Train Patch Entropy: 0.9095 | Val Loss: 0.1090 | Val Acc: 0.9444
Epoch Time: 121.93s
No improvement for 4 epoch(s)
Checkpoint saved: /projects/e32998/MIL_training/final_runs/run_20260318_053904/checkpoints/20260318_061226_HierarchicalAttnMIL_epoch16.pth

Epoch 17/30 (LR: 2.08e-04)
Train Loss: -0.0007 | Train CE: 0.0002 | Train Patch Entropy: 0.9082 | Val Loss: 0.1123 | Val Acc: 0.9444
Epoch Time: 125.92s
No improvement for 5 epoch(s)
Checkpoint saved: /projects/e32998/MIL_training/final_runs/run_20260318_053904/checkpoints/20260318_061432_HierarchicalAttnMIL_epoch17.pth

Epoch 18/30 (LR: 4.45e-05)
Train Loss: -0.0006 | Train CE: 0.0003 | Train Patch Entropy: 0.9077 | Val Loss: 0.1077 | Val Acc: 0.9444
Epoch Time: 123.26s
No improvement for 6 epoch(s)
Checkpoint saved: /projects/e32998/MIL_training/final_runs/run_20260318_053904/checkpoints/20260318_061635_HierarchicalAttnMIL_epoch18.pth

Epoch 19/30 (LR: 4.45e-05)
Train Loss: -0.0007 | Train CE: 0.0002 | Train Patch Entropy: 0.9083 | Val Loss: 0.1075 | Val Acc: 0.9444
Epoch Time: 121.53s
No improvement for 7 epoch(s)
Checkpoint saved: /projects/e32998/MIL_training/final_runs/run_20260318_053904/checkpoints/20260318_061837_HierarchicalAttnMIL_epoch19.pth

Epoch 20/30 (LR: 4.45e-05)
Train Loss: -0.0005 | Train CE: 0.0004 | Train Patch Entropy: 0.9086 | Val Loss: 0.0919 | Val Acc: 0.9444
Epoch Time: 137.95s
No improvement for 8 epoch(s)
Checkpoint saved: /projects/e32998/MIL_training/final_runs/run_20260318_053904/checkpoints/20260318_062055_HierarchicalAttnMIL_epoch20.pth

Early stopping triggered at epoch 20. Best val loss: 0.0817

Training completed!

Reloading best checkpoint before test evaluation: /projects/e32998/MIL_training/final_runs/run_20260318_053904/checkpoints/best.pth
Checkpoint loaded: /projects/e32998/MIL_training/final_runs/run_20260318_053904/checkpoints/best.pth (epoch=12)

============================================================
EVALUATING MODEL
============================================================

Test Results:
  Test Loss: 0.5155
  Test Acc:  0.8889
  Samples:   18
Predictions saved to: /projects/e32998/MIL_training/final_runs/run_20260318_053904/predictions_best.csv
Confusion matrix saved to: /projects/e32998/MIL_training/final_runs/run_20260318_053904/confusion_matrix.png

Finished split=split_1_data_splits_new_01, seed=8 in 2546.83s

Running split_1_data_splits_new_01 | seed=9
Random seed set to 9
Using CPU
Created run directory: /projects/e32998/MIL_training/final_runs/run_20260318_062131
================================================================================
HIERARCHICAL ATTENTION MIL TRAINING
================================================================================
Split: split_1_data_splits_new_01
Seed: 9
Arguments: {'labels_csv': '/projects/e32998/STAT390_Krish/Code/Code4_reduce_runtime/extra_benign_case_grade_match.csv', 'patches_dir': '/projects/e32998/patches_benign_split', 'epochs': 30, 'lr': 0.000208, 'batch_size': 1, 'num_workers': 2, 'embed_dim': 512, 'per_slice_cap': 500, 'max_slices_per_stain': 5, 'seed': 9, 'resume': None, 'eval_only': False, 'analyze_attention': False, 'attention_top_n': 5, 'load_splits': '/home/zel9906/STAT390_Team4/Presentation_4_code_Zoe_mar17/no_train_val_leakage_splits/data_splits_new_01.npz', 'multi_run': True, 'splits_dir': '/home/zel9906/STAT390_Team4/Presentation_4_code_Zoe_mar17/no_train_val_leakage_splits', 'seeds': [1, 2, 3, 4, 5, 6, 7, 8, 9, 10], 'aggregate_output_dir': '/home/zel9906/STAT390_Team4/Presentation_4_code_Zoe_mar17/patch_order_results', 'split_name': None, 'checkpoint_dir': '/projects/e32998/MIL_training/final_runs/run_20260318_062131/checkpoints'}
============================================================
PREPARING DATA
============================================================
Loaded 118 labels
Found 83630 patch files
All 3808 non-standard file names were handled.
Grouped into 383 slices
Mapped 371 slices to classes
Class distribution: {1: 238, 0: 133}

----------------------------------------
SPLITTING DATA
----------------------------------------
Loading existing splits from: /home/zel9906/STAT390_Team4/Presentation_4_code_Zoe_mar17/no_train_val_leakage_splits/data_splits_new_01.npz
Data splits loaded from: /home/zel9906/STAT390_Team4/Presentation_4_code_Zoe_mar17/no_train_val_leakage_splits/data_splits_new_01.npz
Loaded splits - Train: 247, Val: 53, Test: 71
Cases per split: 57 18 18
Paths per split: 51810 14101 14130
No leakage between train & val (cases).
No leakage between train & test (cases).
No leakage between val & test (cases).
No leakage between train & val (paths).
No leakage between train & test (paths).
No leakage between val & test (paths).

Data Summary:
==================================================

Label distribution per split:
label   0   1
split        
test    7  11
train  21  36
val     7  11

Mean patches per stain per split:
       h&e_patches  melan_patches  sox10_patches
split                                           
test         404.4          203.2          177.3
train        440.7          258.6          209.6
val          405.0          201.1          177.3

Median patches per stain per split:
       h&e_patches  melan_patches  sox10_patches
split                                           
test         306.0          174.0          148.0
train        328.0          194.0          155.0
val          326.5          167.5          164.0

Missing stain proportion:
       h&e_missing  melan_missing  sox10_missing
split                                           
test           0.0          0.000          0.000
train          0.0          0.035          0.035
val            0.0          0.000          0.000

Total cases: 93
Total patches: 80,041
==================================================

Patch count by class for Train:
  Benign (0):     16334 patches
  High-grade (1): 35476 patches

Patch count by class for Validation:
  Benign (0):     4875 patches
  High-grade (1): 9226 patches

Patch count by class for Test:
  Benign (0):     4571 patches
  High-grade (1): 9559 patches

Data Integrity Check for Train:
Stain coverage:
  h&e: 57/57 (100.0%)
  melan: 55/57 (96.5%)
  sox10: 55/57 (96.5%)
No issues found

Data Integrity Check for Validation:
Stain coverage:
  h&e: 18/18 (100.0%)
  melan: 18/18 (100.0%)
  sox10: 18/18 (100.0%)
No issues found

Data Integrity Check for Test:
Stain coverage:
  h&e: 18/18 (100.0%)
  melan: 18/18 (100.0%)
  sox10: 18/18 (100.0%)
No issues found

============================================================
CREATING DATA LOADERS (POOLED FEATURES)
============================================================
Created data loaders - Train: 57, Val: 18, Test: 18

============================================================
CREATING MODEL
============================================================

Model Summary:
==================================================
Total parameters: 2,493,061
Trainable parameters: 2,493,061
Model size: 9.51 MB
==================================================

============================================================
TRAINING MODEL
============================================================
Starting training from epoch 1 to 30
Device: cpu
Model parameters: 2,493,061
LR scheduler: ReduceLROnPlateau
Patch entropy regularization enabled (lambda=0.001, mode=max, normalize=True) -> maximize entropy (smoother attention)
Early stopping enabled (patience=8, min_delta=0.001, min_epochs=10)

Epoch 1/30 (LR: 2.08e-04)
Train Loss: 0.7641 | Train CE: 0.7651 | Train Patch Entropy: 0.9938 | Val Loss: 0.4816 | Val Acc: 0.7778
Epoch Time: 126.87s
New best validation loss: 0.4816
Checkpoint saved: /projects/e32998/MIL_training/final_runs/run_20260318_062131/checkpoints/20260318_062339_HierarchicalAttnMIL_epoch1.pth
Best checkpoint updated: /projects/e32998/MIL_training/final_runs/run_20260318_062131/checkpoints/best.pth

Epoch 2/30 (LR: 2.08e-04)
Train Loss: 0.3783 | Train CE: 0.3793 | Train Patch Entropy: 0.9813 | Val Loss: 0.3242 | Val Acc: 0.8333
Epoch Time: 116.37s
New best validation loss: 0.3242
Checkpoint saved: /projects/e32998/MIL_training/final_runs/run_20260318_062131/checkpoints/20260318_062535_HierarchicalAttnMIL_epoch2.pth
Best checkpoint updated: /projects/e32998/MIL_training/final_runs/run_20260318_062131/checkpoints/best.pth

Epoch 3/30 (LR: 2.08e-04)
Train Loss: 0.4206 | Train CE: 0.4216 | Train Patch Entropy: 0.9582 | Val Loss: 0.7028 | Val Acc: 0.7222
Epoch Time: 131.89s
No improvement for 1 epoch(s)
Checkpoint saved: /projects/e32998/MIL_training/final_runs/run_20260318_062131/checkpoints/20260318_062747_HierarchicalAttnMIL_epoch3.pth

Epoch 4/30 (LR: 2.08e-04)
Train Loss: 0.3444 | Train CE: 0.3454 | Train Patch Entropy: 0.9846 | Val Loss: 0.3149 | Val Acc: 0.8333
Epoch Time: 128.98s
New best validation loss: 0.3149
Checkpoint saved: /projects/e32998/MIL_training/final_runs/run_20260318_062131/checkpoints/20260318_062956_HierarchicalAttnMIL_epoch4.pth
Best checkpoint updated: /projects/e32998/MIL_training/final_runs/run_20260318_062131/checkpoints/best.pth

Epoch 5/30 (LR: 2.08e-04)
Train Loss: 0.1359 | Train CE: 0.1369 | Train Patch Entropy: 0.9826 | Val Loss: 0.3952 | Val Acc: 0.8889
Epoch Time: 125.07s
No improvement for 1 epoch(s)
Checkpoint saved: /projects/e32998/MIL_training/final_runs/run_20260318_062131/checkpoints/20260318_063201_HierarchicalAttnMIL_epoch5.pth

Epoch 6/30 (LR: 2.08e-04)
Train Loss: 0.0626 | Train CE: 0.0636 | Train Patch Entropy: 0.9749 | Val Loss: 0.2529 | Val Acc: 0.9444
Epoch Time: 125.49s
New best validation loss: 0.2529
Checkpoint saved: /projects/e32998/MIL_training/final_runs/run_20260318_062131/checkpoints/20260318_063407_HierarchicalAttnMIL_epoch6.pth
Best checkpoint updated: /projects/e32998/MIL_training/final_runs/run_20260318_062131/checkpoints/best.pth

Epoch 7/30 (LR: 2.08e-04)
Train Loss: 0.0263 | Train CE: 0.0273 | Train Patch Entropy: 0.9666 | Val Loss: 0.1385 | Val Acc: 0.8889
Epoch Time: 125.62s
New best validation loss: 0.1385
Checkpoint saved: /projects/e32998/MIL_training/final_runs/run_20260318_062131/checkpoints/20260318_063613_HierarchicalAttnMIL_epoch7.pth
Best checkpoint updated: /projects/e32998/MIL_training/final_runs/run_20260318_062131/checkpoints/best.pth

Epoch 8/30 (LR: 2.08e-04)
Train Loss: 0.0047 | Train CE: 0.0056 | Train Patch Entropy: 0.9584 | Val Loss: 0.1329 | Val Acc: 0.8889
Epoch Time: 123.66s
New best validation loss: 0.1329
Checkpoint saved: /projects/e32998/MIL_training/final_runs/run_20260318_062131/checkpoints/20260318_063816_HierarchicalAttnMIL_epoch8.pth
Best checkpoint updated: /projects/e32998/MIL_training/final_runs/run_20260318_062131/checkpoints/best.pth

Epoch 9/30 (LR: 2.08e-04)
Train Loss: 0.0052 | Train CE: 0.0062 | Train Patch Entropy: 0.9553 | Val Loss: 0.2354 | Val Acc: 0.8889
Epoch Time: 116.72s
No improvement for 1 epoch(s)
Checkpoint saved: /projects/e32998/MIL_training/final_runs/run_20260318_062131/checkpoints/20260318_064013_HierarchicalAttnMIL_epoch9.pth

Epoch 10/30 (LR: 2.08e-04)
Train Loss: 0.0030 | Train CE: 0.0040 | Train Patch Entropy: 0.9565 | Val Loss: 0.1563 | Val Acc: 0.8889
Epoch Time: 129.70s
No improvement for 2 epoch(s)
Checkpoint saved: /projects/e32998/MIL_training/final_runs/run_20260318_062131/checkpoints/20260318_064223_HierarchicalAttnMIL_epoch10.pth

Epoch 11/30 (LR: 2.08e-04)
Train Loss: 0.0011 | Train CE: 0.0021 | Train Patch Entropy: 0.9552 | Val Loss: 0.1487 | Val Acc: 0.8889
Epoch Time: 120.41s
No improvement for 3 epoch(s)
Checkpoint saved: /projects/e32998/MIL_training/final_runs/run_20260318_062131/checkpoints/20260318_064423_HierarchicalAttnMIL_epoch11.pth

Epoch 12/30 (LR: 2.08e-04)
Train Loss: 0.0002 | Train CE: 0.0012 | Train Patch Entropy: 0.9533 | Val Loss: 0.1493 | Val Acc: 0.8889
Epoch Time: 121.02s
No improvement for 4 epoch(s)
Checkpoint saved: /projects/e32998/MIL_training/final_runs/run_20260318_062131/checkpoints/20260318_064624_HierarchicalAttnMIL_epoch12.pth

Epoch 13/30 (LR: 2.08e-04)
Train Loss: -0.0001 | Train CE: 0.0009 | Train Patch Entropy: 0.9504 | Val Loss: 0.1459 | Val Acc: 0.8889
Epoch Time: 122.34s
No improvement for 5 epoch(s)
Checkpoint saved: /projects/e32998/MIL_training/final_runs/run_20260318_062131/checkpoints/20260318_064827_HierarchicalAttnMIL_epoch13.pth

Epoch 14/30 (LR: 4.45e-05)
Train Loss: 0.0003 | Train CE: 0.0012 | Train Patch Entropy: 0.9498 | Val Loss: 0.1467 | Val Acc: 0.8889
Epoch Time: 127.98s
No improvement for 6 epoch(s)
Checkpoint saved: /projects/e32998/MIL_training/final_runs/run_20260318_062131/checkpoints/20260318_065035_HierarchicalAttnMIL_epoch14.pth

Epoch 15/30 (LR: 4.45e-05)
Train Loss: -0.0000 | Train CE: 0.0009 | Train Patch Entropy: 0.9495 | Val Loss: 0.1479 | Val Acc: 0.8889
Epoch Time: 125.22s
No improvement for 7 epoch(s)
Checkpoint saved: /projects/e32998/MIL_training/final_runs/run_20260318_062131/checkpoints/20260318_065240_HierarchicalAttnMIL_epoch15.pth

Epoch 16/30 (LR: 4.45e-05)
Train Loss: 0.0001 | Train CE: 0.0011 | Train Patch Entropy: 0.9490 | Val Loss: 0.1466 | Val Acc: 0.8889
Epoch Time: 125.98s
No improvement for 8 epoch(s)
Checkpoint saved: /projects/e32998/MIL_training/final_runs/run_20260318_062131/checkpoints/20260318_065446_HierarchicalAttnMIL_epoch16.pth

Early stopping triggered at epoch 16. Best val loss: 0.1329

Training completed!

Reloading best checkpoint before test evaluation: /projects/e32998/MIL_training/final_runs/run_20260318_062131/checkpoints/best.pth
Checkpoint loaded: /projects/e32998/MIL_training/final_runs/run_20260318_062131/checkpoints/best.pth (epoch=8)

============================================================
EVALUATING MODEL
============================================================

Test Results:
  Test Loss: 0.3111
  Test Acc:  0.8889
  Samples:   18
Predictions saved to: /projects/e32998/MIL_training/final_runs/run_20260318_062131/predictions_best.csv
Confusion matrix saved to: /projects/e32998/MIL_training/final_runs/run_20260318_062131/confusion_matrix.png

Finished split=split_1_data_splits_new_01, seed=9 in 2028.87s

Running split_1_data_splits_new_01 | seed=10
Random seed set to 10
Using CPU
Created run directory: /projects/e32998/MIL_training/final_runs/run_20260318_065520
================================================================================
HIERARCHICAL ATTENTION MIL TRAINING
================================================================================
Split: split_1_data_splits_new_01
Seed: 10
Arguments: {'labels_csv': '/projects/e32998/STAT390_Krish/Code/Code4_reduce_runtime/extra_benign_case_grade_match.csv', 'patches_dir': '/projects/e32998/patches_benign_split', 'epochs': 30, 'lr': 0.000208, 'batch_size': 1, 'num_workers': 2, 'embed_dim': 512, 'per_slice_cap': 500, 'max_slices_per_stain': 5, 'seed': 10, 'resume': None, 'eval_only': False, 'analyze_attention': False, 'attention_top_n': 5, 'load_splits': '/home/zel9906/STAT390_Team4/Presentation_4_code_Zoe_mar17/no_train_val_leakage_splits/data_splits_new_01.npz', 'multi_run': True, 'splits_dir': '/home/zel9906/STAT390_Team4/Presentation_4_code_Zoe_mar17/no_train_val_leakage_splits', 'seeds': [1, 2, 3, 4, 5, 6, 7, 8, 9, 10], 'aggregate_output_dir': '/home/zel9906/STAT390_Team4/Presentation_4_code_Zoe_mar17/patch_order_results', 'split_name': None, 'checkpoint_dir': '/projects/e32998/MIL_training/final_runs/run_20260318_065520/checkpoints'}
============================================================
PREPARING DATA
============================================================
Loaded 118 labels
Found 83630 patch files
All 3808 non-standard file names were handled.
Grouped into 383 slices
Mapped 371 slices to classes
Class distribution: {1: 238, 0: 133}

----------------------------------------
SPLITTING DATA
----------------------------------------
Loading existing splits from: /home/zel9906/STAT390_Team4/Presentation_4_code_Zoe_mar17/no_train_val_leakage_splits/data_splits_new_01.npz
Data splits loaded from: /home/zel9906/STAT390_Team4/Presentation_4_code_Zoe_mar17/no_train_val_leakage_splits/data_splits_new_01.npz
Loaded splits - Train: 247, Val: 53, Test: 71
Cases per split: 57 18 18
Paths per split: 51810 14101 14130
No leakage between train & val (cases).
No leakage between train & test (cases).
No leakage between val & test (cases).
No leakage between train & val (paths).
No leakage between train & test (paths).
No leakage between val & test (paths).

Data Summary:
==================================================

Label distribution per split:
label   0   1
split        
test    7  11
train  21  36
val     7  11

Mean patches per stain per split:
       h&e_patches  melan_patches  sox10_patches
split                                           
test         404.4          203.2          177.3
train        440.7          258.6          209.6
val          405.0          201.1          177.3

Median patches per stain per split:
       h&e_patches  melan_patches  sox10_patches
split                                           
test         306.0          174.0          148.0
train        328.0          194.0          155.0
val          326.5          167.5          164.0

Missing stain proportion:
       h&e_missing  melan_missing  sox10_missing
split                                           
test           0.0          0.000          0.000
train          0.0          0.035          0.035
val            0.0          0.000          0.000

Total cases: 93
Total patches: 80,041
==================================================

Patch count by class for Train:
  Benign (0):     16334 patches
  High-grade (1): 35476 patches

Patch count by class for Validation:
  Benign (0):     4875 patches
  High-grade (1): 9226 patches

Patch count by class for Test:
  Benign (0):     4571 patches
  High-grade (1): 9559 patches

Data Integrity Check for Train:
Stain coverage:
  h&e: 57/57 (100.0%)
  melan: 55/57 (96.5%)
  sox10: 55/57 (96.5%)
No issues found

Data Integrity Check for Validation:
Stain coverage:
  h&e: 18/18 (100.0%)
  melan: 18/18 (100.0%)
  sox10: 18/18 (100.0%)
No issues found

Data Integrity Check for Test:
Stain coverage:
  h&e: 18/18 (100.0%)
  melan: 18/18 (100.0%)
  sox10: 18/18 (100.0%)
No issues found

============================================================
CREATING DATA LOADERS (POOLED FEATURES)
============================================================
Created data loaders - Train: 57, Val: 18, Test: 18

============================================================
CREATING MODEL
============================================================

Model Summary:
==================================================
Total parameters: 2,493,061
Trainable parameters: 2,493,061
Model size: 9.51 MB
==================================================

============================================================
TRAINING MODEL
============================================================
Starting training from epoch 1 to 30
Device: cpu
Model parameters: 2,493,061
LR scheduler: ReduceLROnPlateau
Patch entropy regularization enabled (lambda=0.001, mode=max, normalize=True) -> maximize entropy (smoother attention)
Early stopping enabled (patience=8, min_delta=0.001, min_epochs=10)

Epoch 1/30 (LR: 2.08e-04)
Train Loss: 1.0154 | Train CE: 1.0164 | Train Patch Entropy: 0.9848 | Val Loss: 0.4692 | Val Acc: 0.6667
Epoch Time: 129.34s
New best validation loss: 0.4692
Checkpoint saved: /projects/e32998/MIL_training/final_runs/run_20260318_065520/checkpoints/20260318_065730_HierarchicalAttnMIL_epoch1.pth
Best checkpoint updated: /projects/e32998/MIL_training/final_runs/run_20260318_065520/checkpoints/best.pth

Epoch 2/30 (LR: 2.08e-04)
Train Loss: 0.4699 | Train CE: 0.4709 | Train Patch Entropy: 0.9538 | Val Loss: 0.3928 | Val Acc: 0.8333
Epoch Time: 134.75s
New best validation loss: 0.3928
Checkpoint saved: /projects/e32998/MIL_training/final_runs/run_20260318_065520/checkpoints/20260318_065945_HierarchicalAttnMIL_epoch2.pth
Best checkpoint updated: /projects/e32998/MIL_training/final_runs/run_20260318_065520/checkpoints/best.pth

Epoch 3/30 (LR: 2.08e-04)
Train Loss: 0.2253 | Train CE: 0.2262 | Train Patch Entropy: 0.9482 | Val Loss: 0.5276 | Val Acc: 0.7222
Epoch Time: 125.30s
No improvement for 1 epoch(s)
Checkpoint saved: /projects/e32998/MIL_training/final_runs/run_20260318_065520/checkpoints/20260318_070150_HierarchicalAttnMIL_epoch3.pth

Epoch 4/30 (LR: 2.08e-04)
Train Loss: 0.1153 | Train CE: 0.1163 | Train Patch Entropy: 0.9536 | Val Loss: 0.4001 | Val Acc: 0.8889
Epoch Time: 131.35s
No improvement for 2 epoch(s)
Checkpoint saved: /projects/e32998/MIL_training/final_runs/run_20260318_065520/checkpoints/20260318_070402_HierarchicalAttnMIL_epoch4.pth

Epoch 5/30 (LR: 2.08e-04)
Train Loss: 0.0615 | Train CE: 0.0624 | Train Patch Entropy: 0.9459 | Val Loss: 0.2154 | Val Acc: 0.8889
Epoch Time: 132.18s
New best validation loss: 0.2154
Checkpoint saved: /projects/e32998/MIL_training/final_runs/run_20260318_065520/checkpoints/20260318_070614_HierarchicalAttnMIL_epoch5.pth
Best checkpoint updated: /projects/e32998/MIL_training/final_runs/run_20260318_065520/checkpoints/best.pth

Epoch 6/30 (LR: 2.08e-04)
Train Loss: 0.0409 | Train CE: 0.0418 | Train Patch Entropy: 0.9327 | Val Loss: 0.4745 | Val Acc: 0.9444
Epoch Time: 123.65s
No improvement for 1 epoch(s)
Checkpoint saved: /projects/e32998/MIL_training/final_runs/run_20260318_065520/checkpoints/20260318_070818_HierarchicalAttnMIL_epoch6.pth

Epoch 7/30 (LR: 2.08e-04)
Train Loss: 0.0341 | Train CE: 0.0350 | Train Patch Entropy: 0.9219 | Val Loss: 0.4943 | Val Acc: 0.8889
Epoch Time: 121.01s
No improvement for 2 epoch(s)
Checkpoint saved: /projects/e32998/MIL_training/final_runs/run_20260318_065520/checkpoints/20260318_071019_HierarchicalAttnMIL_epoch7.pth

Epoch 8/30 (LR: 2.08e-04)
Train Loss: 0.3407 | Train CE: 0.3415 | Train Patch Entropy: 0.8361 | Val Loss: 0.6936 | Val Acc: 0.7222
Epoch Time: 123.03s
No improvement for 3 epoch(s)
Checkpoint saved: /projects/e32998/MIL_training/final_runs/run_20260318_065520/checkpoints/20260318_071222_HierarchicalAttnMIL_epoch8.pth

Epoch 9/30 (LR: 2.08e-04)
Train Loss: 0.1130 | Train CE: 0.1139 | Train Patch Entropy: 0.8629 | Val Loss: 0.3926 | Val Acc: 0.8889
Epoch Time: 132.30s
No improvement for 4 epoch(s)
Checkpoint saved: /projects/e32998/MIL_training/final_runs/run_20260318_065520/checkpoints/20260318_071434_HierarchicalAttnMIL_epoch9.pth

Epoch 10/30 (LR: 2.08e-04)
Train Loss: 0.0156 | Train CE: 0.0165 | Train Patch Entropy: 0.8709 | Val Loss: 0.3269 | Val Acc: 0.9444
Epoch Time: 130.72s
No improvement for 5 epoch(s)
Checkpoint saved: /projects/e32998/MIL_training/final_runs/run_20260318_065520/checkpoints/20260318_071645_HierarchicalAttnMIL_epoch10.pth

Epoch 11/30 (LR: 4.45e-05)
Train Loss: 0.0070 | Train CE: 0.0078 | Train Patch Entropy: 0.8458 | Val Loss: 0.2870 | Val Acc: 0.9444
Epoch Time: 119.84s
No improvement for 6 epoch(s)
Checkpoint saved: /projects/e32998/MIL_training/final_runs/run_20260318_065520/checkpoints/20260318_071845_HierarchicalAttnMIL_epoch11.pth

Epoch 12/30 (LR: 4.45e-05)
Train Loss: 0.0048 | Train CE: 0.0057 | Train Patch Entropy: 0.8462 | Val Loss: 0.2670 | Val Acc: 0.9444
Epoch Time: 134.65s
No improvement for 7 epoch(s)
Checkpoint saved: /projects/e32998/MIL_training/final_runs/run_20260318_065520/checkpoints/20260318_072100_HierarchicalAttnMIL_epoch12.pth

Epoch 13/30 (LR: 4.45e-05)
Train Loss: 0.0083 | Train CE: 0.0091 | Train Patch Entropy: 0.8451 | Val Loss: 0.2456 | Val Acc: 0.8889
Epoch Time: 126.00s
No improvement for 8 epoch(s)
Checkpoint saved: /projects/e32998/MIL_training/final_runs/run_20260318_065520/checkpoints/20260318_072306_HierarchicalAttnMIL_epoch13.pth

Early stopping triggered at epoch 13. Best val loss: 0.2154

Training completed!

Reloading best checkpoint before test evaluation: /projects/e32998/MIL_training/final_runs/run_20260318_065520/checkpoints/best.pth
Checkpoint loaded: /projects/e32998/MIL_training/final_runs/run_20260318_065520/checkpoints/best.pth (epoch=5)

============================================================
EVALUATING MODEL
============================================================

Test Results:
  Test Loss: 0.2853
  Test Acc:  0.8889
  Samples:   18
Predictions saved to: /projects/e32998/MIL_training/final_runs/run_20260318_065520/predictions_best.csv
Confusion matrix saved to: /projects/e32998/MIL_training/final_runs/run_20260318_065520/confusion_matrix.png

Finished split=split_1_data_splits_new_01, seed=10 in 1699.68s

Running split_2_data_splits_new_02 | seed=1
Random seed set to 1
Using CPU
Created run directory: /projects/e32998/MIL_training/final_runs/run_20260318_072340
================================================================================
HIERARCHICAL ATTENTION MIL TRAINING
================================================================================
Split: split_2_data_splits_new_02
Seed: 1
Arguments: {'labels_csv': '/projects/e32998/STAT390_Krish/Code/Code4_reduce_runtime/extra_benign_case_grade_match.csv', 'patches_dir': '/projects/e32998/patches_benign_split', 'epochs': 30, 'lr': 0.000208, 'batch_size': 1, 'num_workers': 2, 'embed_dim': 512, 'per_slice_cap': 500, 'max_slices_per_stain': 5, 'seed': 1, 'resume': None, 'eval_only': False, 'analyze_attention': False, 'attention_top_n': 5, 'load_splits': '/home/zel9906/STAT390_Team4/Presentation_4_code_Zoe_mar17/no_train_val_leakage_splits/data_splits_new_02.npz', 'multi_run': True, 'splits_dir': '/home/zel9906/STAT390_Team4/Presentation_4_code_Zoe_mar17/no_train_val_leakage_splits', 'seeds': [1, 2, 3, 4, 5, 6, 7, 8, 9, 10], 'aggregate_output_dir': '/home/zel9906/STAT390_Team4/Presentation_4_code_Zoe_mar17/patch_order_results', 'split_name': None, 'checkpoint_dir': '/projects/e32998/MIL_training/final_runs/run_20260318_072340/checkpoints'}
============================================================
PREPARING DATA
============================================================
Loaded 118 labels
Found 83630 patch files
All 3808 non-standard file names were handled.
Grouped into 383 slices
Mapped 371 slices to classes
Class distribution: {1: 238, 0: 133}

----------------------------------------
SPLITTING DATA
----------------------------------------
Loading existing splits from: /home/zel9906/STAT390_Team4/Presentation_4_code_Zoe_mar17/no_train_val_leakage_splits/data_splits_new_02.npz
Data splits loaded from: /home/zel9906/STAT390_Team4/Presentation_4_code_Zoe_mar17/no_train_val_leakage_splits/data_splits_new_02.npz
Loaded splits - Train: 233, Val: 71, Test: 67
Cases per split: 56 18 19
Paths per split: 50430 14130 15481
No leakage between train & val (cases).
No leakage between train & test (cases).
No leakage between val & test (cases).
No leakage between train & val (paths).
No leakage between train & test (paths).
No leakage between val & test (paths).

Data Summary:
==================================================

Label distribution per split:
label   0   1
split        
test    7  12
train  21  35
val     7  11

Mean patches per stain per split:
       h&e_patches  melan_patches  sox10_patches
split                                           
test         387.2          242.0          185.6
train        447.4          245.8          207.4
val          404.4          203.2          177.3

Median patches per stain per split:
       h&e_patches  melan_patches  sox10_patches
split                                           
test         328.0          192.0          128.0
train        327.5          184.5          159.5
val          306.0          174.0          148.0

Missing stain proportion:
       h&e_missing  melan_missing  sox10_missing
split                                           
test           0.0          0.053          0.053
train          0.0          0.018          0.018
val            0.0          0.000          0.000

Total cases: 93
Total patches: 80,041
==================================================

Patch count by class for Train:
  Benign (0):     15000 patches
  High-grade (1): 35430 patches

Patch count by class for Validation:
  Benign (0):     4571 patches
  High-grade (1): 9559 patches

Patch count by class for Test:
  Benign (0):     6209 patches
  High-grade (1): 9272 patches

Data Integrity Check for Train:
Stain coverage:
  h&e: 56/56 (100.0%)
  melan: 55/56 (98.2%)
  sox10: 55/56 (98.2%)
No issues found

Data Integrity Check for Validation:
Stain coverage:
  h&e: 18/18 (100.0%)
  melan: 18/18 (100.0%)
  sox10: 18/18 (100.0%)
No issues found

Data Integrity Check for Test:
Stain coverage:
  h&e: 19/19 (100.0%)
  melan: 18/19 (94.7%)
  sox10: 18/19 (94.7%)
No issues found

============================================================
CREATING DATA LOADERS (POOLED FEATURES)
============================================================
Created data loaders - Train: 56, Val: 18, Test: 19

============================================================
CREATING MODEL
============================================================

Model Summary:
==================================================
Total parameters: 2,493,061
Trainable parameters: 2,493,061
Model size: 9.51 MB
==================================================

============================================================
TRAINING MODEL
============================================================
Starting training from epoch 1 to 30
Device: cpu
Model parameters: 2,493,061
LR scheduler: ReduceLROnPlateau
Patch entropy regularization enabled (lambda=0.001, mode=max, normalize=True) -> maximize entropy (smoother attention)
Early stopping enabled (patience=8, min_delta=0.001, min_epochs=10)

Epoch 1/30 (LR: 2.08e-04)
Train Loss: 0.7716 | Train CE: 0.7726 | Train Patch Entropy: 0.9974 | Val Loss: 0.5242 | Val Acc: 0.6667
Epoch Time: 134.94s
New best validation loss: 0.5242
Checkpoint saved: /projects/e32998/MIL_training/final_runs/run_20260318_072340/checkpoints/20260318_072556_HierarchicalAttnMIL_epoch1.pth
Best checkpoint updated: /projects/e32998/MIL_training/final_runs/run_20260318_072340/checkpoints/best.pth

Epoch 2/30 (LR: 2.08e-04)
Train Loss: 0.3296 | Train CE: 0.3306 | Train Patch Entropy: 0.9828 | Val Loss: 0.4914 | Val Acc: 0.7778
Epoch Time: 123.56s
New best validation loss: 0.4914
Checkpoint saved: /projects/e32998/MIL_training/final_runs/run_20260318_072340/checkpoints/20260318_072759_HierarchicalAttnMIL_epoch2.pth
Best checkpoint updated: /projects/e32998/MIL_training/final_runs/run_20260318_072340/checkpoints/best.pth

Epoch 3/30 (LR: 2.08e-04)
Train Loss: 0.2763 | Train CE: 0.2773 | Train Patch Entropy: 0.9756 | Val Loss: 0.2290 | Val Acc: 0.8333
Epoch Time: 122.51s
New best validation loss: 0.2290
Checkpoint saved: /projects/e32998/MIL_training/final_runs/run_20260318_072340/checkpoints/20260318_073002_HierarchicalAttnMIL_epoch3.pth
Best checkpoint updated: /projects/e32998/MIL_training/final_runs/run_20260318_072340/checkpoints/best.pth

Epoch 4/30 (LR: 2.08e-04)
Train Loss: 0.1417 | Train CE: 0.1427 | Train Patch Entropy: 0.9686 | Val Loss: 0.4084 | Val Acc: 0.8333
Epoch Time: 130.35s
No improvement for 1 epoch(s)
Checkpoint saved: /projects/e32998/MIL_training/final_runs/run_20260318_072340/checkpoints/20260318_073212_HierarchicalAttnMIL_epoch4.pth

Epoch 5/30 (LR: 2.08e-04)
Train Loss: 0.0342 | Train CE: 0.0352 | Train Patch Entropy: 0.9643 | Val Loss: 0.6672 | Val Acc: 0.8333
Epoch Time: 130.13s
No improvement for 2 epoch(s)
Checkpoint saved: /projects/e32998/MIL_training/final_runs/run_20260318_072340/checkpoints/20260318_073423_HierarchicalAttnMIL_epoch5.pth

Epoch 6/30 (LR: 2.08e-04)
Train Loss: 0.0069 | Train CE: 0.0078 | Train Patch Entropy: 0.9532 | Val Loss: 0.5355 | Val Acc: 0.7778
Epoch Time: 121.54s
No improvement for 3 epoch(s)
Checkpoint saved: /projects/e32998/MIL_training/final_runs/run_20260318_072340/checkpoints/20260318_073624_HierarchicalAttnMIL_epoch6.pth

Epoch 7/30 (LR: 2.08e-04)
Train Loss: 0.0054 | Train CE: 0.0064 | Train Patch Entropy: 0.9474 | Val Loss: 0.8361 | Val Acc: 0.7778
Epoch Time: 126.52s
No improvement for 4 epoch(s)
Checkpoint saved: /projects/e32998/MIL_training/final_runs/run_20260318_072340/checkpoints/20260318_073831_HierarchicalAttnMIL_epoch7.pth

Epoch 8/30 (LR: 2.08e-04)
Train Loss: 0.0004 | Train CE: 0.0013 | Train Patch Entropy: 0.9391 | Val Loss: 0.7739 | Val Acc: 0.7778
Epoch Time: 133.12s
No improvement for 5 epoch(s)
Checkpoint saved: /projects/e32998/MIL_training/final_runs/run_20260318_072340/checkpoints/20260318_074044_HierarchicalAttnMIL_epoch8.pth

Epoch 9/30 (LR: 4.45e-05)
Train Loss: 0.0002 | Train CE: 0.0011 | Train Patch Entropy: 0.9400 | Val Loss: 0.7519 | Val Acc: 0.7778
Epoch Time: 124.54s
No improvement for 6 epoch(s)
Checkpoint saved: /projects/e32998/MIL_training/final_runs/run_20260318_072340/checkpoints/20260318_074248_HierarchicalAttnMIL_epoch9.pth

Epoch 10/30 (LR: 4.45e-05)
Train Loss: -0.0001 | Train CE: 0.0008 | Train Patch Entropy: 0.9401 | Val Loss: 0.7561 | Val Acc: 0.7778
Epoch Time: 129.48s
No improvement for 7 epoch(s)
Checkpoint saved: /projects/e32998/MIL_training/final_runs/run_20260318_072340/checkpoints/20260318_074458_HierarchicalAttnMIL_epoch10.pth

Epoch 11/30 (LR: 4.45e-05)
Train Loss: 0.0010 | Train CE: 0.0020 | Train Patch Entropy: 0.9405 | Val Loss: 0.7159 | Val Acc: 0.7778
Epoch Time: 126.22s
No improvement for 8 epoch(s)
Checkpoint saved: /projects/e32998/MIL_training/final_runs/run_20260318_072340/checkpoints/20260318_074704_HierarchicalAttnMIL_epoch11.pth

Early stopping triggered at epoch 11. Best val loss: 0.2290

Training completed!

Reloading best checkpoint before test evaluation: /projects/e32998/MIL_training/final_runs/run_20260318_072340/checkpoints/best.pth
Checkpoint loaded: /projects/e32998/MIL_training/final_runs/run_20260318_072340/checkpoints/best.pth (epoch=3)

============================================================
EVALUATING MODEL
============================================================

Test Results:
  Test Loss: 0.3807
  Test Acc:  0.8421
  Samples:   19
Predictions saved to: /projects/e32998/MIL_training/final_runs/run_20260318_072340/predictions_best.csv
Confusion matrix saved to: /projects/e32998/MIL_training/final_runs/run_20260318_072340/confusion_matrix.png

Finished split=split_2_data_splits_new_02, seed=1 in 1443.84s

Running split_2_data_splits_new_02 | seed=2
Random seed set to 2
Using CPU
Created run directory: /projects/e32998/MIL_training/final_runs/run_20260318_074744
================================================================================
HIERARCHICAL ATTENTION MIL TRAINING
================================================================================
Split: split_2_data_splits_new_02
Seed: 2
Arguments: {'labels_csv': '/projects/e32998/STAT390_Krish/Code/Code4_reduce_runtime/extra_benign_case_grade_match.csv', 'patches_dir': '/projects/e32998/patches_benign_split', 'epochs': 30, 'lr': 0.000208, 'batch_size': 1, 'num_workers': 2, 'embed_dim': 512, 'per_slice_cap': 500, 'max_slices_per_stain': 5, 'seed': 2, 'resume': None, 'eval_only': False, 'analyze_attention': False, 'attention_top_n': 5, 'load_splits': '/home/zel9906/STAT390_Team4/Presentation_4_code_Zoe_mar17/no_train_val_leakage_splits/data_splits_new_02.npz', 'multi_run': True, 'splits_dir': '/home/zel9906/STAT390_Team4/Presentation_4_code_Zoe_mar17/no_train_val_leakage_splits', 'seeds': [1, 2, 3, 4, 5, 6, 7, 8, 9, 10], 'aggregate_output_dir': '/home/zel9906/STAT390_Team4/Presentation_4_code_Zoe_mar17/patch_order_results', 'split_name': None, 'checkpoint_dir': '/projects/e32998/MIL_training/final_runs/run_20260318_074744/checkpoints'}
============================================================
PREPARING DATA
============================================================
Loaded 118 labels
Found 83630 patch files
All 3808 non-standard file names were handled.
Grouped into 383 slices
Mapped 371 slices to classes
Class distribution: {1: 238, 0: 133}

----------------------------------------
SPLITTING DATA
----------------------------------------
Loading existing splits from: /home/zel9906/STAT390_Team4/Presentation_4_code_Zoe_mar17/no_train_val_leakage_splits/data_splits_new_02.npz
Data splits loaded from: /home/zel9906/STAT390_Team4/Presentation_4_code_Zoe_mar17/no_train_val_leakage_splits/data_splits_new_02.npz
Loaded splits - Train: 233, Val: 71, Test: 67
Cases per split: 56 18 19
Paths per split: 50430 14130 15481
No leakage between train & val (cases).
No leakage between train & test (cases).
No leakage between val & test (cases).
No leakage between train & val (paths).
No leakage between train & test (paths).
No leakage between val & test (paths).

Data Summary:
==================================================

Label distribution per split:
label   0   1
split        
test    7  12
train  21  35
val     7  11

Mean patches per stain per split:
       h&e_patches  melan_patches  sox10_patches
split                                           
test         387.2          242.0          185.6
train        447.4          245.8          207.4
val          404.4          203.2          177.3

Median patches per stain per split:
       h&e_patches  melan_patches  sox10_patches
split                                           
test         328.0          192.0          128.0
train        327.5          184.5          159.5
val          306.0          174.0          148.0

Missing stain proportion:
       h&e_missing  melan_missing  sox10_missing
split                                           
test           0.0          0.053          0.053
train          0.0          0.018          0.018
val            0.0          0.000          0.000

Total cases: 93
Total patches: 80,041
==================================================

Patch count by class for Train:
  Benign (0):     15000 patches
  High-grade (1): 35430 patches

Patch count by class for Validation:
  Benign (0):     4571 patches
  High-grade (1): 9559 patches

Patch count by class for Test:
  Benign (0):     6209 patches
  High-grade (1): 9272 patches

Data Integrity Check for Train:
Stain coverage:
  h&e: 56/56 (100.0%)
  melan: 55/56 (98.2%)
  sox10: 55/56 (98.2%)
No issues found

Data Integrity Check for Validation:
Stain coverage:
  h&e: 18/18 (100.0%)
  melan: 18/18 (100.0%)
  sox10: 18/18 (100.0%)
No issues found

Data Integrity Check for Test:
Stain coverage:
  h&e: 19/19 (100.0%)
  melan: 18/19 (94.7%)
  sox10: 18/19 (94.7%)
No issues found

============================================================
CREATING DATA LOADERS (POOLED FEATURES)
============================================================
Created data loaders - Train: 56, Val: 18, Test: 19

============================================================
CREATING MODEL
============================================================

Model Summary:
==================================================
Total parameters: 2,493,061
Trainable parameters: 2,493,061
Model size: 9.51 MB
==================================================

============================================================
TRAINING MODEL
============================================================
Starting training from epoch 1 to 30
Device: cpu
Model parameters: 2,493,061
LR scheduler: ReduceLROnPlateau
Patch entropy regularization enabled (lambda=0.001, mode=max, normalize=True) -> maximize entropy (smoother attention)
Early stopping enabled (patience=8, min_delta=0.001, min_epochs=10)

Epoch 1/30 (LR: 2.08e-04)
Train Loss: 1.0180 | Train CE: 1.0190 | Train Patch Entropy: 0.9925 | Val Loss: 0.4594 | Val Acc: 0.7222
Epoch Time: 130.20s
New best validation loss: 0.4594
Checkpoint saved: /projects/e32998/MIL_training/final_runs/run_20260318_074744/checkpoints/20260318_074955_HierarchicalAttnMIL_epoch1.pth
Best checkpoint updated: /projects/e32998/MIL_training/final_runs/run_20260318_074744/checkpoints/best.pth

Epoch 2/30 (LR: 2.08e-04)
Train Loss: 0.4218 | Train CE: 0.4228 | Train Patch Entropy: 0.9908 | Val Loss: 0.4225 | Val Acc: 0.7778
Epoch Time: 124.61s
New best validation loss: 0.4225
Checkpoint saved: /projects/e32998/MIL_training/final_runs/run_20260318_074744/checkpoints/20260318_075200_HierarchicalAttnMIL_epoch2.pth
Best checkpoint updated: /projects/e32998/MIL_training/final_runs/run_20260318_074744/checkpoints/best.pth

Epoch 3/30 (LR: 2.08e-04)
Train Loss: 0.2523 | Train CE: 0.2533 | Train Patch Entropy: 0.9801 | Val Loss: 0.7712 | Val Acc: 0.6667
Epoch Time: 129.96s
No improvement for 1 epoch(s)
Checkpoint saved: /projects/e32998/MIL_training/final_runs/run_20260318_074744/checkpoints/20260318_075410_HierarchicalAttnMIL_epoch3.pth

Epoch 4/30 (LR: 2.08e-04)
Train Loss: 0.1104 | Train CE: 0.1113 | Train Patch Entropy: 0.9409 | Val Loss: 0.2599 | Val Acc: 0.9444
Epoch Time: 128.78s
New best validation loss: 0.2599
Checkpoint saved: /projects/e32998/MIL_training/final_runs/run_20260318_074744/checkpoints/20260318_075619_HierarchicalAttnMIL_epoch4.pth
Best checkpoint updated: /projects/e32998/MIL_training/final_runs/run_20260318_074744/checkpoints/best.pth

Epoch 5/30 (LR: 2.08e-04)
Train Loss: 0.1317 | Train CE: 0.1327 | Train Patch Entropy: 0.9357 | Val Loss: 0.3111 | Val Acc: 0.8889
Epoch Time: 121.40s
No improvement for 1 epoch(s)
Checkpoint saved: /projects/e32998/MIL_training/final_runs/run_20260318_074744/checkpoints/20260318_075820_HierarchicalAttnMIL_epoch5.pth

Epoch 6/30 (LR: 2.08e-04)
Train Loss: 0.1001 | Train CE: 0.1010 | Train Patch Entropy: 0.9121 | Val Loss: 0.4583 | Val Acc: 0.8889
Epoch Time: 123.41s
No improvement for 2 epoch(s)
Checkpoint saved: /projects/e32998/MIL_training/final_runs/run_20260318_074744/checkpoints/20260318_080023_HierarchicalAttnMIL_epoch6.pth

Epoch 7/30 (LR: 2.08e-04)
Train Loss: 0.0831 | Train CE: 0.0840 | Train Patch Entropy: 0.9030 | Val Loss: 0.4904 | Val Acc: 0.7778
Epoch Time: 124.70s
No improvement for 3 epoch(s)
Checkpoint saved: /projects/e32998/MIL_training/final_runs/run_20260318_074744/checkpoints/20260318_080228_HierarchicalAttnMIL_epoch7.pth

Epoch 8/30 (LR: 2.08e-04)
Train Loss: 0.2229 | Train CE: 0.2238 | Train Patch Entropy: 0.8930 | Val Loss: 0.5136 | Val Acc: 0.8333
Epoch Time: 129.08s
No improvement for 4 epoch(s)
Checkpoint saved: /projects/e32998/MIL_training/final_runs/run_20260318_074744/checkpoints/20260318_080437_HierarchicalAttnMIL_epoch8.pth

Epoch 9/30 (LR: 2.08e-04)
Train Loss: 0.0384 | Train CE: 0.0393 | Train Patch Entropy: 0.9068 | Val Loss: 0.4951 | Val Acc: 0.7778
Epoch Time: 115.97s
No improvement for 5 epoch(s)
Checkpoint saved: /projects/e32998/MIL_training/final_runs/run_20260318_074744/checkpoints/20260318_080633_HierarchicalAttnMIL_epoch9.pth

Epoch 10/30 (LR: 4.45e-05)
Train Loss: 0.0318 | Train CE: 0.0327 | Train Patch Entropy: 0.9026 | Val Loss: 0.5438 | Val Acc: 0.8333
Epoch Time: 134.42s
No improvement for 6 epoch(s)
Checkpoint saved: /projects/e32998/MIL_training/final_runs/run_20260318_074744/checkpoints/20260318_080848_HierarchicalAttnMIL_epoch10.pth

Epoch 11/30 (LR: 4.45e-05)
Train Loss: 0.0020 | Train CE: 0.0029 | Train Patch Entropy: 0.8980 | Val Loss: 0.6135 | Val Acc: 0.8333
Epoch Time: 128.45s
No improvement for 7 epoch(s)
Checkpoint saved: /projects/e32998/MIL_training/final_runs/run_20260318_074744/checkpoints/20260318_081056_HierarchicalAttnMIL_epoch11.pth

Epoch 12/30 (LR: 4.45e-05)
Train Loss: 0.0017 | Train CE: 0.0026 | Train Patch Entropy: 0.8965 | Val Loss: 0.6143 | Val Acc: 0.8333
Epoch Time: 121.73s
No improvement for 8 epoch(s)
Checkpoint saved: /projects/e32998/MIL_training/final_runs/run_20260318_074744/checkpoints/20260318_081258_HierarchicalAttnMIL_epoch12.pth

Early stopping triggered at epoch 12. Best val loss: 0.2599

Training completed!

Reloading best checkpoint before test evaluation: /projects/e32998/MIL_training/final_runs/run_20260318_074744/checkpoints/best.pth
Checkpoint loaded: /projects/e32998/MIL_training/final_runs/run_20260318_074744/checkpoints/best.pth (epoch=4)

============================================================
EVALUATING MODEL
============================================================

Test Results:
  Test Loss: 0.2395
  Test Acc:  0.8947
  Samples:   19
Predictions saved to: /projects/e32998/MIL_training/final_runs/run_20260318_074744/predictions_best.csv
Confusion matrix saved to: /projects/e32998/MIL_training/final_runs/run_20260318_074744/confusion_matrix.png

Finished split=split_2_data_splits_new_02, seed=2 in 1555.04s

Running split_2_data_splits_new_02 | seed=3
Random seed set to 3
Using CPU
Created run directory: /projects/e32998/MIL_training/final_runs/run_20260318_081339
================================================================================
HIERARCHICAL ATTENTION MIL TRAINING
================================================================================
Split: split_2_data_splits_new_02
Seed: 3
Arguments: {'labels_csv': '/projects/e32998/STAT390_Krish/Code/Code4_reduce_runtime/extra_benign_case_grade_match.csv', 'patches_dir': '/projects/e32998/patches_benign_split', 'epochs': 30, 'lr': 0.000208, 'batch_size': 1, 'num_workers': 2, 'embed_dim': 512, 'per_slice_cap': 500, 'max_slices_per_stain': 5, 'seed': 3, 'resume': None, 'eval_only': False, 'analyze_attention': False, 'attention_top_n': 5, 'load_splits': '/home/zel9906/STAT390_Team4/Presentation_4_code_Zoe_mar17/no_train_val_leakage_splits/data_splits_new_02.npz', 'multi_run': True, 'splits_dir': '/home/zel9906/STAT390_Team4/Presentation_4_code_Zoe_mar17/no_train_val_leakage_splits', 'seeds': [1, 2, 3, 4, 5, 6, 7, 8, 9, 10], 'aggregate_output_dir': '/home/zel9906/STAT390_Team4/Presentation_4_code_Zoe_mar17/patch_order_results', 'split_name': None, 'checkpoint_dir': '/projects/e32998/MIL_training/final_runs/run_20260318_081339/checkpoints'}
============================================================
PREPARING DATA
============================================================
Loaded 118 labels
Found 83630 patch files
All 3808 non-standard file names were handled.
Grouped into 383 slices
Mapped 371 slices to classes
Class distribution: {1: 238, 0: 133}

----------------------------------------
SPLITTING DATA
----------------------------------------
Loading existing splits from: /home/zel9906/STAT390_Team4/Presentation_4_code_Zoe_mar17/no_train_val_leakage_splits/data_splits_new_02.npz
Data splits loaded from: /home/zel9906/STAT390_Team4/Presentation_4_code_Zoe_mar17/no_train_val_leakage_splits/data_splits_new_02.npz
Loaded splits - Train: 233, Val: 71, Test: 67
Cases per split: 56 18 19
Paths per split: 50430 14130 15481
No leakage between train & val (cases).
No leakage between train & test (cases).
No leakage between val & test (cases).
No leakage between train & val (paths).
No leakage between train & test (paths).
No leakage between val & test (paths).

Data Summary:
==================================================

Label distribution per split:
label   0   1
split        
test    7  12
train  21  35
val     7  11

Mean patches per stain per split:
       h&e_patches  melan_patches  sox10_patches
split                                           
test         387.2          242.0          185.6
train        447.4          245.8          207.4
val          404.4          203.2          177.3

Median patches per stain per split:
       h&e_patches  melan_patches  sox10_patches
split                                           
test         328.0          192.0          128.0
train        327.5          184.5          159.5
val          306.0          174.0          148.0

Missing stain proportion:
       h&e_missing  melan_missing  sox10_missing
split                                           
test           0.0          0.053          0.053
train          0.0          0.018          0.018
val            0.0          0.000          0.000

Total cases: 93
Total patches: 80,041
==================================================

Patch count by class for Train:
  Benign (0):     15000 patches
  High-grade (1): 35430 patches

Patch count by class for Validation:
  Benign (0):     4571 patches
  High-grade (1): 9559 patches

Patch count by class for Test:
  Benign (0):     6209 patches
  High-grade (1): 9272 patches

Data Integrity Check for Train:
Stain coverage:
  h&e: 56/56 (100.0%)
  melan: 55/56 (98.2%)
  sox10: 55/56 (98.2%)
No issues found

Data Integrity Check for Validation:
Stain coverage:
  h&e: 18/18 (100.0%)
  melan: 18/18 (100.0%)
  sox10: 18/18 (100.0%)
No issues found

Data Integrity Check for Test:
Stain coverage:
  h&e: 19/19 (100.0%)
  melan: 18/19 (94.7%)
  sox10: 18/19 (94.7%)
No issues found

============================================================
CREATING DATA LOADERS (POOLED FEATURES)
============================================================
Created data loaders - Train: 56, Val: 18, Test: 19

============================================================
CREATING MODEL
============================================================

Model Summary:
==================================================
Total parameters: 2,493,061
Trainable parameters: 2,493,061
Model size: 9.51 MB
==================================================

============================================================
TRAINING MODEL
============================================================
Starting training from epoch 1 to 30
Device: cpu
Model parameters: 2,493,061
LR scheduler: ReduceLROnPlateau
Patch entropy regularization enabled (lambda=0.001, mode=max, normalize=True) -> maximize entropy (smoother attention)
Early stopping enabled (patience=8, min_delta=0.001, min_epochs=10)

Epoch 1/30 (LR: 2.08e-04)
Train Loss: 0.7228 | Train CE: 0.7238 | Train Patch Entropy: 0.9952 | Val Loss: 0.2833 | Val Acc: 0.8889
Epoch Time: 124.73s
New best validation loss: 0.2833
Checkpoint saved: /projects/e32998/MIL_training/final_runs/run_20260318_081339/checkpoints/20260318_081545_HierarchicalAttnMIL_epoch1.pth
Best checkpoint updated: /projects/e32998/MIL_training/final_runs/run_20260318_081339/checkpoints/best.pth

Epoch 2/30 (LR: 2.08e-04)
Train Loss: 0.4694 | Train CE: 0.4704 | Train Patch Entropy: 0.9673 | Val Loss: 0.3764 | Val Acc: 0.8889
Epoch Time: 130.31s
No improvement for 1 epoch(s)
Checkpoint saved: /projects/e32998/MIL_training/final_runs/run_20260318_081339/checkpoints/20260318_081755_HierarchicalAttnMIL_epoch2.pth

Epoch 3/30 (LR: 2.08e-04)
Train Loss: 0.1770 | Train CE: 0.1779 | Train Patch Entropy: 0.9410 | Val Loss: 0.3777 | Val Acc: 0.7222
Epoch Time: 131.92s
No improvement for 2 epoch(s)
Checkpoint saved: /projects/e32998/MIL_training/final_runs/run_20260318_081339/checkpoints/20260318_082007_HierarchicalAttnMIL_epoch3.pth

Epoch 4/30 (LR: 2.08e-04)
Train Loss: 0.0644 | Train CE: 0.0654 | Train Patch Entropy: 0.9385 | Val Loss: 0.4638 | Val Acc: 0.8889
Epoch Time: 135.98s
No improvement for 3 epoch(s)
Checkpoint saved: /projects/e32998/MIL_training/final_runs/run_20260318_081339/checkpoints/20260318_082223_HierarchicalAttnMIL_epoch4.pth

Epoch 5/30 (LR: 2.08e-04)
Train Loss: 0.0543 | Train CE: 0.0552 | Train Patch Entropy: 0.9162 | Val Loss: 0.3445 | Val Acc: 0.8333
Epoch Time: 125.25s
No improvement for 4 epoch(s)
Checkpoint saved: /projects/e32998/MIL_training/final_runs/run_20260318_081339/checkpoints/20260318_082428_HierarchicalAttnMIL_epoch5.pth

Epoch 6/30 (LR: 2.08e-04)
Train Loss: 0.0187 | Train CE: 0.0196 | Train Patch Entropy: 0.9328 | Val Loss: 0.2656 | Val Acc: 0.9444
Epoch Time: 130.00s
New best validation loss: 0.2656
Checkpoint saved: /projects/e32998/MIL_training/final_runs/run_20260318_081339/checkpoints/20260318_082638_HierarchicalAttnMIL_epoch6.pth
Best checkpoint updated: /projects/e32998/MIL_training/final_runs/run_20260318_081339/checkpoints/best.pth

Epoch 7/30 (LR: 2.08e-04)
Train Loss: 0.0105 | Train CE: 0.0114 | Train Patch Entropy: 0.9259 | Val Loss: 0.2921 | Val Acc: 0.8889
Epoch Time: 133.42s
No improvement for 1 epoch(s)
Checkpoint saved: /projects/e32998/MIL_training/final_runs/run_20260318_081339/checkpoints/20260318_082852_HierarchicalAttnMIL_epoch7.pth

Epoch 8/30 (LR: 2.08e-04)
Train Loss: 0.0016 | Train CE: 0.0025 | Train Patch Entropy: 0.9197 | Val Loss: 0.3092 | Val Acc: 0.8889
Epoch Time: 130.65s
No improvement for 2 epoch(s)
Checkpoint saved: /projects/e32998/MIL_training/final_runs/run_20260318_081339/checkpoints/20260318_083103_HierarchicalAttnMIL_epoch8.pth

Epoch 9/30 (LR: 2.08e-04)
Train Loss: 0.0010 | Train CE: 0.0019 | Train Patch Entropy: 0.9133 | Val Loss: 0.3088 | Val Acc: 0.8333
Epoch Time: 140.40s
No improvement for 3 epoch(s)
Checkpoint saved: /projects/e32998/MIL_training/final_runs/run_20260318_081339/checkpoints/20260318_083323_HierarchicalAttnMIL_epoch9.pth

Epoch 10/30 (LR: 2.08e-04)
Train Loss: 0.0000 | Train CE: 0.0009 | Train Patch Entropy: 0.9089 | Val Loss: 0.3130 | Val Acc: 0.8889
Epoch Time: 116.63s
No improvement for 4 epoch(s)
Checkpoint saved: /projects/e32998/MIL_training/final_runs/run_20260318_081339/checkpoints/20260318_083520_HierarchicalAttnMIL_epoch10.pth

Epoch 11/30 (LR: 2.08e-04)
Train Loss: -0.0003 | Train CE: 0.0006 | Train Patch Entropy: 0.9083 | Val Loss: 0.3175 | Val Acc: 0.8889
Epoch Time: 132.07s
No improvement for 5 epoch(s)
Checkpoint saved: /projects/e32998/MIL_training/final_runs/run_20260318_081339/checkpoints/20260318_083732_HierarchicalAttnMIL_epoch11.pth

Epoch 12/30 (LR: 4.45e-05)
Train Loss: 0.0002 | Train CE: 0.0011 | Train Patch Entropy: 0.9067 | Val Loss: 0.3238 | Val Acc: 0.8889
Epoch Time: 122.99s
No improvement for 6 epoch(s)
Checkpoint saved: /projects/e32998/MIL_training/final_runs/run_20260318_081339/checkpoints/20260318_083935_HierarchicalAttnMIL_epoch12.pth

Epoch 13/30 (LR: 4.45e-05)
Train Loss: -0.0003 | Train CE: 0.0007 | Train Patch Entropy: 0.9069 | Val Loss: 0.3284 | Val Acc: 0.8889
Epoch Time: 127.55s
No improvement for 7 epoch(s)
Checkpoint saved: /projects/e32998/MIL_training/final_runs/run_20260318_081339/checkpoints/20260318_084143_HierarchicalAttnMIL_epoch13.pth

Epoch 14/30 (LR: 4.45e-05)
Train Loss: -0.0001 | Train CE: 0.0008 | Train Patch Entropy: 0.9063 | Val Loss: 0.3282 | Val Acc: 0.8889
Epoch Time: 126.12s
No improvement for 8 epoch(s)
Checkpoint saved: /projects/e32998/MIL_training/final_runs/run_20260318_081339/checkpoints/20260318_084349_HierarchicalAttnMIL_epoch14.pth

Early stopping triggered at epoch 14. Best val loss: 0.2656

Training completed!

Reloading best checkpoint before test evaluation: /projects/e32998/MIL_training/final_runs/run_20260318_081339/checkpoints/best.pth
Checkpoint loaded: /projects/e32998/MIL_training/final_runs/run_20260318_081339/checkpoints/best.pth (epoch=6)

============================================================
EVALUATING MODEL
============================================================

Test Results:
  Test Loss: 0.6047
  Test Acc:  0.8947
  Samples:   19
Predictions saved to: /projects/e32998/MIL_training/final_runs/run_20260318_081339/predictions_best.csv
Confusion matrix saved to: /projects/e32998/MIL_training/final_runs/run_20260318_081339/confusion_matrix.png

Finished split=split_2_data_splits_new_02, seed=3 in 1842.34s

Running split_2_data_splits_new_02 | seed=4
Random seed set to 4
Using CPU
Created run directory: /projects/e32998/MIL_training/final_runs/run_20260318_084422
================================================================================
HIERARCHICAL ATTENTION MIL TRAINING
================================================================================
Split: split_2_data_splits_new_02
Seed: 4
Arguments: {'labels_csv': '/projects/e32998/STAT390_Krish/Code/Code4_reduce_runtime/extra_benign_case_grade_match.csv', 'patches_dir': '/projects/e32998/patches_benign_split', 'epochs': 30, 'lr': 0.000208, 'batch_size': 1, 'num_workers': 2, 'embed_dim': 512, 'per_slice_cap': 500, 'max_slices_per_stain': 5, 'seed': 4, 'resume': None, 'eval_only': False, 'analyze_attention': False, 'attention_top_n': 5, 'load_splits': '/home/zel9906/STAT390_Team4/Presentation_4_code_Zoe_mar17/no_train_val_leakage_splits/data_splits_new_02.npz', 'multi_run': True, 'splits_dir': '/home/zel9906/STAT390_Team4/Presentation_4_code_Zoe_mar17/no_train_val_leakage_splits', 'seeds': [1, 2, 3, 4, 5, 6, 7, 8, 9, 10], 'aggregate_output_dir': '/home/zel9906/STAT390_Team4/Presentation_4_code_Zoe_mar17/patch_order_results', 'split_name': None, 'checkpoint_dir': '/projects/e32998/MIL_training/final_runs/run_20260318_084422/checkpoints'}
============================================================
PREPARING DATA
============================================================
Loaded 118 labels
Found 83630 patch files
All 3808 non-standard file names were handled.
Grouped into 383 slices
Mapped 371 slices to classes
Class distribution: {1: 238, 0: 133}

----------------------------------------
SPLITTING DATA
----------------------------------------
Loading existing splits from: /home/zel9906/STAT390_Team4/Presentation_4_code_Zoe_mar17/no_train_val_leakage_splits/data_splits_new_02.npz
Data splits loaded from: /home/zel9906/STAT390_Team4/Presentation_4_code_Zoe_mar17/no_train_val_leakage_splits/data_splits_new_02.npz
Loaded splits - Train: 233, Val: 71, Test: 67
Cases per split: 56 18 19
Paths per split: 50430 14130 15481
No leakage between train & val (cases).
No leakage between train & test (cases).
No leakage between val & test (cases).
No leakage between train & val (paths).
No leakage between train & test (paths).
No leakage between val & test (paths).

Data Summary:
==================================================

Label distribution per split:
label   0   1
split        
test    7  12
train  21  35
val     7  11

Mean patches per stain per split:
       h&e_patches  melan_patches  sox10_patches
split                                           
test         387.2          242.0          185.6
train        447.4          245.8          207.4
val          404.4          203.2          177.3

Median patches per stain per split:
       h&e_patches  melan_patches  sox10_patches
split                                           
test         328.0          192.0          128.0
train        327.5          184.5          159.5
val          306.0          174.0          148.0

Missing stain proportion:
       h&e_missing  melan_missing  sox10_missing
split                                           
test           0.0          0.053          0.053
train          0.0          0.018          0.018
val            0.0          0.000          0.000

Total cases: 93
Total patches: 80,041
==================================================

Patch count by class for Train:
  Benign (0):     15000 patches
  High-grade (1): 35430 patches

Patch count by class for Validation:
  Benign (0):     4571 patches
  High-grade (1): 9559 patches

Patch count by class for Test:
  Benign (0):     6209 patches
  High-grade (1): 9272 patches

Data Integrity Check for Train:
Stain coverage:
  h&e: 56/56 (100.0%)
  melan: 55/56 (98.2%)
  sox10: 55/56 (98.2%)
No issues found

Data Integrity Check for Validation:
Stain coverage:
  h&e: 18/18 (100.0%)
  melan: 18/18 (100.0%)
  sox10: 18/18 (100.0%)
No issues found

Data Integrity Check for Test:
Stain coverage:
  h&e: 19/19 (100.0%)
  melan: 18/19 (94.7%)
  sox10: 18/19 (94.7%)
No issues found

============================================================
CREATING DATA LOADERS (POOLED FEATURES)
============================================================
Created data loaders - Train: 56, Val: 18, Test: 19

============================================================
CREATING MODEL
============================================================

Model Summary:
==================================================
Total parameters: 2,493,061
Trainable parameters: 2,493,061
Model size: 9.51 MB
==================================================

============================================================
TRAINING MODEL
============================================================
Starting training from epoch 1 to 30
Device: cpu
Model parameters: 2,493,061
LR scheduler: ReduceLROnPlateau
Patch entropy regularization enabled (lambda=0.001, mode=max, normalize=True) -> maximize entropy (smoother attention)
Early stopping enabled (patience=8, min_delta=0.001, min_epochs=10)

Epoch 1/30 (LR: 2.08e-04)
Train Loss: 0.7094 | Train CE: 0.7104 | Train Patch Entropy: 0.9873 | Val Loss: 0.2501 | Val Acc: 0.8889
Epoch Time: 123.53s
New best validation loss: 0.2501
Checkpoint saved: /projects/e32998/MIL_training/final_runs/run_20260318_084422/checkpoints/20260318_084626_HierarchicalAttnMIL_epoch1.pth
Best checkpoint updated: /projects/e32998/MIL_training/final_runs/run_20260318_084422/checkpoints/best.pth

Epoch 2/30 (LR: 2.08e-04)
Train Loss: 0.4943 | Train CE: 0.4952 | Train Patch Entropy: 0.9716 | Val Loss: 0.6523 | Val Acc: 0.7778
Epoch Time: 130.20s
No improvement for 1 epoch(s)
Checkpoint saved: /projects/e32998/MIL_training/final_runs/run_20260318_084422/checkpoints/20260318_084836_HierarchicalAttnMIL_epoch2.pth

Epoch 3/30 (LR: 2.08e-04)
Train Loss: 0.2020 | Train CE: 0.2030 | Train Patch Entropy: 0.9587 | Val Loss: 0.2440 | Val Acc: 0.9444
Epoch Time: 122.81s
New best validation loss: 0.2440
Checkpoint saved: /projects/e32998/MIL_training/final_runs/run_20260318_084422/checkpoints/20260318_085039_HierarchicalAttnMIL_epoch3.pth
Best checkpoint updated: /projects/e32998/MIL_training/final_runs/run_20260318_084422/checkpoints/best.pth

Epoch 4/30 (LR: 2.08e-04)
Train Loss: 0.1835 | Train CE: 0.1844 | Train Patch Entropy: 0.9387 | Val Loss: 0.6355 | Val Acc: 0.8333
Epoch Time: 126.60s
No improvement for 1 epoch(s)
Checkpoint saved: /projects/e32998/MIL_training/final_runs/run_20260318_084422/checkpoints/20260318_085246_HierarchicalAttnMIL_epoch4.pth

Epoch 5/30 (LR: 2.08e-04)
Train Loss: 0.1063 | Train CE: 0.1072 | Train Patch Entropy: 0.9367 | Val Loss: 0.5360 | Val Acc: 0.8333
Epoch Time: 121.70s
No improvement for 2 epoch(s)
Checkpoint saved: /projects/e32998/MIL_training/final_runs/run_20260318_084422/checkpoints/20260318_085448_HierarchicalAttnMIL_epoch5.pth

Epoch 6/30 (LR: 2.08e-04)
Train Loss: 0.0754 | Train CE: 0.0763 | Train Patch Entropy: 0.9441 | Val Loss: 0.5688 | Val Acc: 0.8333
Epoch Time: 125.74s
No improvement for 3 epoch(s)
Checkpoint saved: /projects/e32998/MIL_training/final_runs/run_20260318_084422/checkpoints/20260318_085653_HierarchicalAttnMIL_epoch6.pth

Epoch 7/30 (LR: 2.08e-04)
Train Loss: 0.0431 | Train CE: 0.0441 | Train Patch Entropy: 0.9172 | Val Loss: 0.3989 | Val Acc: 0.9444
Epoch Time: 122.37s
No improvement for 4 epoch(s)
Checkpoint saved: /projects/e32998/MIL_training/final_runs/run_20260318_084422/checkpoints/20260318_085856_HierarchicalAttnMIL_epoch7.pth

Epoch 8/30 (LR: 2.08e-04)
Train Loss: 0.0030 | Train CE: 0.0039 | Train Patch Entropy: 0.8931 | Val Loss: 0.4547 | Val Acc: 0.8333
Epoch Time: 122.16s
No improvement for 5 epoch(s)
Checkpoint saved: /projects/e32998/MIL_training/final_runs/run_20260318_084422/checkpoints/20260318_090058_HierarchicalAttnMIL_epoch8.pth

Epoch 9/30 (LR: 4.45e-05)
Train Loss: 0.0012 | Train CE: 0.0021 | Train Patch Entropy: 0.8947 | Val Loss: 0.4525 | Val Acc: 0.8333
Epoch Time: 128.38s
No improvement for 6 epoch(s)
Checkpoint saved: /projects/e32998/MIL_training/final_runs/run_20260318_084422/checkpoints/20260318_090307_HierarchicalAttnMIL_epoch9.pth

Epoch 10/30 (LR: 4.45e-05)
Train Loss: 0.0034 | Train CE: 0.0043 | Train Patch Entropy: 0.8949 | Val Loss: 0.4417 | Val Acc: 0.8333
Epoch Time: 140.64s
No improvement for 7 epoch(s)
Checkpoint saved: /projects/e32998/MIL_training/final_runs/run_20260318_084422/checkpoints/20260318_090527_HierarchicalAttnMIL_epoch10.pth

Epoch 11/30 (LR: 4.45e-05)
Train Loss: 0.0022 | Train CE: 0.0031 | Train Patch Entropy: 0.8956 | Val Loss: 0.4339 | Val Acc: 0.8333
Epoch Time: 125.14s
No improvement for 8 epoch(s)
Checkpoint saved: /projects/e32998/MIL_training/final_runs/run_20260318_084422/checkpoints/20260318_090732_HierarchicalAttnMIL_epoch11.pth

Early stopping triggered at epoch 11. Best val loss: 0.2440

Training completed!

Reloading best checkpoint before test evaluation: /projects/e32998/MIL_training/final_runs/run_20260318_084422/checkpoints/best.pth
Checkpoint loaded: /projects/e32998/MIL_training/final_runs/run_20260318_084422/checkpoints/best.pth (epoch=3)

============================================================
EVALUATING MODEL
============================================================

Test Results:
  Test Loss: 0.4424
  Test Acc:  0.7895
  Samples:   19
Predictions saved to: /projects/e32998/MIL_training/final_runs/run_20260318_084422/predictions_best.csv
Confusion matrix saved to: /projects/e32998/MIL_training/final_runs/run_20260318_084422/confusion_matrix.png

Finished split=split_2_data_splits_new_02, seed=4 in 1433.11s

Running split_2_data_splits_new_02 | seed=5
Random seed set to 5
Using CPU
Created run directory: /projects/e32998/MIL_training/final_runs/run_20260318_090815
================================================================================
HIERARCHICAL ATTENTION MIL TRAINING
================================================================================
Split: split_2_data_splits_new_02
Seed: 5
Arguments: {'labels_csv': '/projects/e32998/STAT390_Krish/Code/Code4_reduce_runtime/extra_benign_case_grade_match.csv', 'patches_dir': '/projects/e32998/patches_benign_split', 'epochs': 30, 'lr': 0.000208, 'batch_size': 1, 'num_workers': 2, 'embed_dim': 512, 'per_slice_cap': 500, 'max_slices_per_stain': 5, 'seed': 5, 'resume': None, 'eval_only': False, 'analyze_attention': False, 'attention_top_n': 5, 'load_splits': '/home/zel9906/STAT390_Team4/Presentation_4_code_Zoe_mar17/no_train_val_leakage_splits/data_splits_new_02.npz', 'multi_run': True, 'splits_dir': '/home/zel9906/STAT390_Team4/Presentation_4_code_Zoe_mar17/no_train_val_leakage_splits', 'seeds': [1, 2, 3, 4, 5, 6, 7, 8, 9, 10], 'aggregate_output_dir': '/home/zel9906/STAT390_Team4/Presentation_4_code_Zoe_mar17/patch_order_results', 'split_name': None, 'checkpoint_dir': '/projects/e32998/MIL_training/final_runs/run_20260318_090815/checkpoints'}
============================================================
PREPARING DATA
============================================================
Loaded 118 labels
Found 83630 patch files
All 3808 non-standard file names were handled.
Grouped into 383 slices
Mapped 371 slices to classes
Class distribution: {1: 238, 0: 133}

----------------------------------------
SPLITTING DATA
----------------------------------------
Loading existing splits from: /home/zel9906/STAT390_Team4/Presentation_4_code_Zoe_mar17/no_train_val_leakage_splits/data_splits_new_02.npz
Data splits loaded from: /home/zel9906/STAT390_Team4/Presentation_4_code_Zoe_mar17/no_train_val_leakage_splits/data_splits_new_02.npz
Loaded splits - Train: 233, Val: 71, Test: 67
Cases per split: 56 18 19
Paths per split: 50430 14130 15481
No leakage between train & val (cases).
No leakage between train & test (cases).
No leakage between val & test (cases).
No leakage between train & val (paths).
No leakage between train & test (paths).
No leakage between val & test (paths).

Data Summary:
==================================================

Label distribution per split:
label   0   1
split        
test    7  12
train  21  35
val     7  11

Mean patches per stain per split:
       h&e_patches  melan_patches  sox10_patches
split                                           
test         387.2          242.0          185.6
train        447.4          245.8          207.4
val          404.4          203.2          177.3

Median patches per stain per split:
       h&e_patches  melan_patches  sox10_patches
split                                           
test         328.0          192.0          128.0
train        327.5          184.5          159.5
val          306.0          174.0          148.0

Missing stain proportion:
       h&e_missing  melan_missing  sox10_missing
split                                           
test           0.0          0.053          0.053
train          0.0          0.018          0.018
val            0.0          0.000          0.000

Total cases: 93
Total patches: 80,041
==================================================

Patch count by class for Train:
  Benign (0):     15000 patches
  High-grade (1): 35430 patches

Patch count by class for Validation:
  Benign (0):     4571 patches
  High-grade (1): 9559 patches

Patch count by class for Test:
  Benign (0):     6209 patches
  High-grade (1): 9272 patches

Data Integrity Check for Train:
Stain coverage:
  h&e: 56/56 (100.0%)
  melan: 55/56 (98.2%)
  sox10: 55/56 (98.2%)
No issues found

Data Integrity Check for Validation:
Stain coverage:
  h&e: 18/18 (100.0%)
  melan: 18/18 (100.0%)
  sox10: 18/18 (100.0%)
No issues found

Data Integrity Check for Test:
Stain coverage:
  h&e: 19/19 (100.0%)
  melan: 18/19 (94.7%)
  sox10: 18/19 (94.7%)
No issues found

============================================================
CREATING DATA LOADERS (POOLED FEATURES)
============================================================
Created data loaders - Train: 56, Val: 18, Test: 19

============================================================
CREATING MODEL
============================================================

Model Summary:
==================================================
Total parameters: 2,493,061
Trainable parameters: 2,493,061
Model size: 9.51 MB
==================================================

============================================================
TRAINING MODEL
============================================================
Starting training from epoch 1 to 30
Device: cpu
Model parameters: 2,493,061
LR scheduler: ReduceLROnPlateau
Patch entropy regularization enabled (lambda=0.001, mode=max, normalize=True) -> maximize entropy (smoother attention)
Early stopping enabled (patience=8, min_delta=0.001, min_epochs=10)

Epoch 1/30 (LR: 2.08e-04)
Train Loss: 0.9604 | Train CE: 0.9614 | Train Patch Entropy: 0.9931 | Val Loss: 0.4564 | Val Acc: 0.8333
Epoch Time: 137.24s
New best validation loss: 0.4564
Checkpoint saved: /projects/e32998/MIL_training/final_runs/run_20260318_090815/checkpoints/20260318_091033_HierarchicalAttnMIL_epoch1.pth
Best checkpoint updated: /projects/e32998/MIL_training/final_runs/run_20260318_090815/checkpoints/best.pth

Epoch 2/30 (LR: 2.08e-04)
Train Loss: 0.4186 | Train CE: 0.4196 | Train Patch Entropy: 0.9713 | Val Loss: 0.3296 | Val Acc: 0.8889
Epoch Time: 120.38s
New best validation loss: 0.3296
Checkpoint saved: /projects/e32998/MIL_training/final_runs/run_20260318_090815/checkpoints/20260318_091234_HierarchicalAttnMIL_epoch2.pth
Best checkpoint updated: /projects/e32998/MIL_training/final_runs/run_20260318_090815/checkpoints/best.pth

Epoch 3/30 (LR: 2.08e-04)
Train Loss: 0.2848 | Train CE: 0.2857 | Train Patch Entropy: 0.9360 | Val Loss: 0.3524 | Val Acc: 0.8889
Epoch Time: 122.67s
No improvement for 1 epoch(s)
Checkpoint saved: /projects/e32998/MIL_training/final_runs/run_20260318_090815/checkpoints/20260318_091436_HierarchicalAttnMIL_epoch3.pth

Epoch 4/30 (LR: 2.08e-04)
Train Loss: 0.2188 | Train CE: 0.2197 | Train Patch Entropy: 0.9192 | Val Loss: 0.3768 | Val Acc: 0.9444
Epoch Time: 133.02s
No improvement for 2 epoch(s)
Checkpoint saved: /projects/e32998/MIL_training/final_runs/run_20260318_090815/checkpoints/20260318_091649_HierarchicalAttnMIL_epoch4.pth

Epoch 5/30 (LR: 2.08e-04)
Train Loss: 0.0280 | Train CE: 0.0290 | Train Patch Entropy: 0.9134 | Val Loss: 0.5242 | Val Acc: 0.8889
Epoch Time: 120.49s
No improvement for 3 epoch(s)
Checkpoint saved: /projects/e32998/MIL_training/final_runs/run_20260318_090815/checkpoints/20260318_091850_HierarchicalAttnMIL_epoch5.pth

Epoch 6/30 (LR: 2.08e-04)
Train Loss: 0.0210 | Train CE: 0.0219 | Train Patch Entropy: 0.8967 | Val Loss: 0.4517 | Val Acc: 0.9444
Epoch Time: 115.70s
No improvement for 4 epoch(s)
Checkpoint saved: /projects/e32998/MIL_training/final_runs/run_20260318_090815/checkpoints/20260318_092046_HierarchicalAttnMIL_epoch6.pth

Epoch 7/30 (LR: 2.08e-04)
Train Loss: 0.0145 | Train CE: 0.0154 | Train Patch Entropy: 0.8708 | Val Loss: 0.3466 | Val Acc: 0.9444
Epoch Time: 136.95s
No improvement for 5 epoch(s)
Checkpoint saved: /projects/e32998/MIL_training/final_runs/run_20260318_090815/checkpoints/20260318_092303_HierarchicalAttnMIL_epoch7.pth

Epoch 8/30 (LR: 4.45e-05)
Train Loss: 0.0025 | Train CE: 0.0034 | Train Patch Entropy: 0.8602 | Val Loss: 0.3527 | Val Acc: 0.9444
Epoch Time: 131.24s
No improvement for 6 epoch(s)
Checkpoint saved: /projects/e32998/MIL_training/final_runs/run_20260318_090815/checkpoints/20260318_092514_HierarchicalAttnMIL_epoch8.pth

Epoch 9/30 (LR: 4.45e-05)
Train Loss: 0.0027 | Train CE: 0.0036 | Train Patch Entropy: 0.8607 | Val Loss: 0.3567 | Val Acc: 0.9444
Epoch Time: 129.26s
No improvement for 7 epoch(s)
Checkpoint saved: /projects/e32998/MIL_training/final_runs/run_20260318_090815/checkpoints/20260318_092723_HierarchicalAttnMIL_epoch9.pth

Epoch 10/30 (LR: 4.45e-05)
Train Loss: 0.0008 | Train CE: 0.0016 | Train Patch Entropy: 0.8582 | Val Loss: 0.3663 | Val Acc: 0.9444
Epoch Time: 128.21s
No improvement for 8 epoch(s)
Checkpoint saved: /projects/e32998/MIL_training/final_runs/run_20260318_090815/checkpoints/20260318_092931_HierarchicalAttnMIL_epoch10.pth

Early stopping triggered at epoch 10. Best val loss: 0.3296

Training completed!

Reloading best checkpoint before test evaluation: /projects/e32998/MIL_training/final_runs/run_20260318_090815/checkpoints/best.pth
Checkpoint loaded: /projects/e32998/MIL_training/final_runs/run_20260318_090815/checkpoints/best.pth (epoch=2)

============================================================
EVALUATING MODEL
============================================================

Test Results:
  Test Loss: 0.5883
  Test Acc:  0.6842
  Samples:   19
Predictions saved to: /projects/e32998/MIL_training/final_runs/run_20260318_090815/predictions_best.csv
Confusion matrix saved to: /projects/e32998/MIL_training/final_runs/run_20260318_090815/confusion_matrix.png

Finished split=split_2_data_splits_new_02, seed=5 in 1315.74s

Running split_2_data_splits_new_02 | seed=6
Random seed set to 6
Using CPU
Created run directory: /projects/e32998/MIL_training/final_runs/run_20260318_093011
================================================================================
HIERARCHICAL ATTENTION MIL TRAINING
================================================================================
Split: split_2_data_splits_new_02
Seed: 6
Arguments: {'labels_csv': '/projects/e32998/STAT390_Krish/Code/Code4_reduce_runtime/extra_benign_case_grade_match.csv', 'patches_dir': '/projects/e32998/patches_benign_split', 'epochs': 30, 'lr': 0.000208, 'batch_size': 1, 'num_workers': 2, 'embed_dim': 512, 'per_slice_cap': 500, 'max_slices_per_stain': 5, 'seed': 6, 'resume': None, 'eval_only': False, 'analyze_attention': False, 'attention_top_n': 5, 'load_splits': '/home/zel9906/STAT390_Team4/Presentation_4_code_Zoe_mar17/no_train_val_leakage_splits/data_splits_new_02.npz', 'multi_run': True, 'splits_dir': '/home/zel9906/STAT390_Team4/Presentation_4_code_Zoe_mar17/no_train_val_leakage_splits', 'seeds': [1, 2, 3, 4, 5, 6, 7, 8, 9, 10], 'aggregate_output_dir': '/home/zel9906/STAT390_Team4/Presentation_4_code_Zoe_mar17/patch_order_results', 'split_name': None, 'checkpoint_dir': '/projects/e32998/MIL_training/final_runs/run_20260318_093011/checkpoints'}
============================================================
PREPARING DATA
============================================================
Loaded 118 labels
Found 83630 patch files
All 3808 non-standard file names were handled.
Grouped into 383 slices
Mapped 371 slices to classes
Class distribution: {1: 238, 0: 133}

----------------------------------------
SPLITTING DATA
----------------------------------------
Loading existing splits from: /home/zel9906/STAT390_Team4/Presentation_4_code_Zoe_mar17/no_train_val_leakage_splits/data_splits_new_02.npz
Data splits loaded from: /home/zel9906/STAT390_Team4/Presentation_4_code_Zoe_mar17/no_train_val_leakage_splits/data_splits_new_02.npz
Loaded splits - Train: 233, Val: 71, Test: 67
Cases per split: 56 18 19
Paths per split: 50430 14130 15481
No leakage between train & val (cases).
No leakage between train & test (cases).
No leakage between val & test (cases).
No leakage between train & val (paths).
No leakage between train & test (paths).
No leakage between val & test (paths).

Data Summary:
==================================================

Label distribution per split:
label   0   1
split        
test    7  12
train  21  35
val     7  11

Mean patches per stain per split:
       h&e_patches  melan_patches  sox10_patches
split                                           
test         387.2          242.0          185.6
train        447.4          245.8          207.4
val          404.4          203.2          177.3

Median patches per stain per split:
       h&e_patches  melan_patches  sox10_patches
split                                           
test         328.0          192.0          128.0
train        327.5          184.5          159.5
val          306.0          174.0          148.0

Missing stain proportion:
       h&e_missing  melan_missing  sox10_missing
split                                           
test           0.0          0.053          0.053
train          0.0          0.018          0.018
val            0.0          0.000          0.000

Total cases: 93
Total patches: 80,041
==================================================

Patch count by class for Train:
  Benign (0):     15000 patches
  High-grade (1): 35430 patches

Patch count by class for Validation:
  Benign (0):     4571 patches
  High-grade (1): 9559 patches

Patch count by class for Test:
  Benign (0):     6209 patches
  High-grade (1): 9272 patches

Data Integrity Check for Train:
Stain coverage:
  h&e: 56/56 (100.0%)
  melan: 55/56 (98.2%)
  sox10: 55/56 (98.2%)
No issues found

Data Integrity Check for Validation:
Stain coverage:
  h&e: 18/18 (100.0%)
  melan: 18/18 (100.0%)
  sox10: 18/18 (100.0%)
No issues found

Data Integrity Check for Test:
Stain coverage:
  h&e: 19/19 (100.0%)
  melan: 18/19 (94.7%)
  sox10: 18/19 (94.7%)
No issues found

============================================================
CREATING DATA LOADERS (POOLED FEATURES)
============================================================
Created data loaders - Train: 56, Val: 18, Test: 19

============================================================
CREATING MODEL
============================================================

Model Summary:
==================================================
Total parameters: 2,493,061
Trainable parameters: 2,493,061
Model size: 9.51 MB
==================================================

============================================================
TRAINING MODEL
============================================================
Starting training from epoch 1 to 30
Device: cpu
Model parameters: 2,493,061
LR scheduler: ReduceLROnPlateau
Patch entropy regularization enabled (lambda=0.001, mode=max, normalize=True) -> maximize entropy (smoother attention)
Early stopping enabled (patience=8, min_delta=0.001, min_epochs=10)

Epoch 1/30 (LR: 2.08e-04)
Train Loss: 0.8390 | Train CE: 0.8400 | Train Patch Entropy: 0.9940 | Val Loss: 0.5142 | Val Acc: 0.7222
Epoch Time: 121.48s
New best validation loss: 0.5142
Checkpoint saved: /projects/e32998/MIL_training/final_runs/run_20260318_093011/checkpoints/20260318_093213_HierarchicalAttnMIL_epoch1.pth
Best checkpoint updated: /projects/e32998/MIL_training/final_runs/run_20260318_093011/checkpoints/best.pth

Epoch 2/30 (LR: 2.08e-04)
Train Loss: 0.2978 | Train CE: 0.2988 | Train Patch Entropy: 0.9752 | Val Loss: 0.8649 | Val Acc: 0.6667
Epoch Time: 127.56s
No improvement for 1 epoch(s)
Checkpoint saved: /projects/e32998/MIL_training/final_runs/run_20260318_093011/checkpoints/20260318_093421_HierarchicalAttnMIL_epoch2.pth

Epoch 3/30 (LR: 2.08e-04)
Train Loss: 0.1626 | Train CE: 0.1635 | Train Patch Entropy: 0.9443 | Val Loss: 0.4274 | Val Acc: 0.8333
Epoch Time: 127.91s
New best validation loss: 0.4274
Checkpoint saved: /projects/e32998/MIL_training/final_runs/run_20260318_093011/checkpoints/20260318_093629_HierarchicalAttnMIL_epoch3.pth
Best checkpoint updated: /projects/e32998/MIL_training/final_runs/run_20260318_093011/checkpoints/best.pth

Epoch 4/30 (LR: 2.08e-04)
Train Loss: 0.2017 | Train CE: 0.2026 | Train Patch Entropy: 0.9533 | Val Loss: 0.4879 | Val Acc: 0.7222
Epoch Time: 132.49s
No improvement for 1 epoch(s)
Checkpoint saved: /projects/e32998/MIL_training/final_runs/run_20260318_093011/checkpoints/20260318_093841_HierarchicalAttnMIL_epoch4.pth

Epoch 5/30 (LR: 2.08e-04)
Train Loss: 0.1751 | Train CE: 0.1761 | Train Patch Entropy: 0.9487 | Val Loss: 0.6730 | Val Acc: 0.8333
Epoch Time: 131.08s
No improvement for 2 epoch(s)
Checkpoint saved: /projects/e32998/MIL_training/final_runs/run_20260318_093011/checkpoints/20260318_094053_HierarchicalAttnMIL_epoch5.pth

Epoch 6/30 (LR: 2.08e-04)
Train Loss: 0.0951 | Train CE: 0.0960 | Train Patch Entropy: 0.9349 | Val Loss: 1.0118 | Val Acc: 0.7222
Epoch Time: 132.80s
No improvement for 3 epoch(s)
Checkpoint saved: /projects/e32998/MIL_training/final_runs/run_20260318_093011/checkpoints/20260318_094305_HierarchicalAttnMIL_epoch6.pth

Epoch 7/30 (LR: 2.08e-04)
Train Loss: 0.0622 | Train CE: 0.0631 | Train Patch Entropy: 0.9309 | Val Loss: 0.5134 | Val Acc: 0.8889
Epoch Time: 127.45s
No improvement for 4 epoch(s)
Checkpoint saved: /projects/e32998/MIL_training/final_runs/run_20260318_093011/checkpoints/20260318_094513_HierarchicalAttnMIL_epoch7.pth

Epoch 8/30 (LR: 2.08e-04)
Train Loss: 0.0010 | Train CE: 0.0019 | Train Patch Entropy: 0.8981 | Val Loss: 0.4369 | Val Acc: 0.8889
Epoch Time: 124.99s
No improvement for 5 epoch(s)
Checkpoint saved: /projects/e32998/MIL_training/final_runs/run_20260318_093011/checkpoints/20260318_094718_HierarchicalAttnMIL_epoch8.pth

Epoch 9/30 (LR: 4.45e-05)
Train Loss: 0.0015 | Train CE: 0.0024 | Train Patch Entropy: 0.8975 | Val Loss: 0.4007 | Val Acc: 0.8889
Epoch Time: 115.32s
New best validation loss: 0.4007
Checkpoint saved: /projects/e32998/MIL_training/final_runs/run_20260318_093011/checkpoints/20260318_094913_HierarchicalAttnMIL_epoch9.pth
Best checkpoint updated: /projects/e32998/MIL_training/final_runs/run_20260318_093011/checkpoints/best.pth

Epoch 10/30 (LR: 4.45e-05)
Train Loss: 0.0004 | Train CE: 0.0012 | Train Patch Entropy: 0.8960 | Val Loss: 0.3795 | Val Acc: 0.8889
Epoch Time: 119.76s
New best validation loss: 0.3795
Checkpoint saved: /projects/e32998/MIL_training/final_runs/run_20260318_093011/checkpoints/20260318_095113_HierarchicalAttnMIL_epoch10.pth
Best checkpoint updated: /projects/e32998/MIL_training/final_runs/run_20260318_093011/checkpoints/best.pth

Epoch 11/30 (LR: 4.45e-05)
Train Loss: 0.0011 | Train CE: 0.0020 | Train Patch Entropy: 0.8971 | Val Loss: 0.3761 | Val Acc: 0.8889
Epoch Time: 127.77s
New best validation loss: 0.3761
Checkpoint saved: /projects/e32998/MIL_training/final_runs/run_20260318_093011/checkpoints/20260318_095321_HierarchicalAttnMIL_epoch11.pth
Best checkpoint updated: /projects/e32998/MIL_training/final_runs/run_20260318_093011/checkpoints/best.pth

Epoch 12/30 (LR: 4.45e-05)
Train Loss: 0.0013 | Train CE: 0.0022 | Train Patch Entropy: 0.8973 | Val Loss: 0.3672 | Val Acc: 0.8889
Epoch Time: 133.32s
New best validation loss: 0.3672
Checkpoint saved: /projects/e32998/MIL_training/final_runs/run_20260318_093011/checkpoints/20260318_095534_HierarchicalAttnMIL_epoch12.pth
Best checkpoint updated: /projects/e32998/MIL_training/final_runs/run_20260318_093011/checkpoints/best.pth

Epoch 13/30 (LR: 4.45e-05)
Train Loss: 0.0005 | Train CE: 0.0014 | Train Patch Entropy: 0.8966 | Val Loss: 0.3601 | Val Acc: 0.8889
Epoch Time: 116.94s
New best validation loss: 0.3601
Checkpoint saved: /projects/e32998/MIL_training/final_runs/run_20260318_093011/checkpoints/20260318_095731_HierarchicalAttnMIL_epoch13.pth
Best checkpoint updated: /projects/e32998/MIL_training/final_runs/run_20260318_093011/checkpoints/best.pth

Epoch 14/30 (LR: 4.45e-05)
Train Loss: -0.0000 | Train CE: 0.0009 | Train Patch Entropy: 0.8945 | Val Loss: 0.3589 | Val Acc: 0.8889
Epoch Time: 123.97s
New best validation loss: 0.3589
Checkpoint saved: /projects/e32998/MIL_training/final_runs/run_20260318_093011/checkpoints/20260318_095935_HierarchicalAttnMIL_epoch14.pth
Best checkpoint updated: /projects/e32998/MIL_training/final_runs/run_20260318_093011/checkpoints/best.pth

Epoch 15/30 (LR: 4.45e-05)
Train Loss: -0.0000 | Train CE: 0.0008 | Train Patch Entropy: 0.8935 | Val Loss: 0.3595 | Val Acc: 0.8889
Epoch Time: 119.12s
No improvement for 1 epoch(s)
Checkpoint saved: /projects/e32998/MIL_training/final_runs/run_20260318_093011/checkpoints/20260318_100135_HierarchicalAttnMIL_epoch15.pth

Epoch 16/30 (LR: 4.45e-05)
Train Loss: -0.0001 | Train CE: 0.0008 | Train Patch Entropy: 0.8937 | Val Loss: 0.3574 | Val Acc: 0.8889
Epoch Time: 124.06s
New best validation loss: 0.3574
Checkpoint saved: /projects/e32998/MIL_training/final_runs/run_20260318_093011/checkpoints/20260318_100339_HierarchicalAttnMIL_epoch16.pth
Best checkpoint updated: /projects/e32998/MIL_training/final_runs/run_20260318_093011/checkpoints/best.pth

Epoch 17/30 (LR: 4.45e-05)
Train Loss: -0.0004 | Train CE: 0.0005 | Train Patch Entropy: 0.8940 | Val Loss: 0.3526 | Val Acc: 0.8889
Epoch Time: 124.89s
New best validation loss: 0.3526
Checkpoint saved: /projects/e32998/MIL_training/final_runs/run_20260318_093011/checkpoints/20260318_100544_HierarchicalAttnMIL_epoch17.pth
Best checkpoint updated: /projects/e32998/MIL_training/final_runs/run_20260318_093011/checkpoints/best.pth

Epoch 18/30 (LR: 4.45e-05)
Train Loss: -0.0003 | Train CE: 0.0006 | Train Patch Entropy: 0.8920 | Val Loss: 0.3534 | Val Acc: 0.8889
Epoch Time: 127.81s
No improvement for 1 epoch(s)
Checkpoint saved: /projects/e32998/MIL_training/final_runs/run_20260318_093011/checkpoints/20260318_100752_HierarchicalAttnMIL_epoch18.pth

Epoch 19/30 (LR: 4.45e-05)
Train Loss: -0.0005 | Train CE: 0.0004 | Train Patch Entropy: 0.8941 | Val Loss: 0.3520 | Val Acc: 0.8889
Epoch Time: 127.69s
No improvement for 2 epoch(s)
Checkpoint saved: /projects/e32998/MIL_training/final_runs/run_20260318_093011/checkpoints/20260318_100959_HierarchicalAttnMIL_epoch19.pth

Epoch 20/30 (LR: 4.45e-05)
Train Loss: -0.0002 | Train CE: 0.0007 | Train Patch Entropy: 0.8912 | Val Loss: 0.3510 | Val Acc: 0.8889
Epoch Time: 114.29s
New best validation loss: 0.3510
Checkpoint saved: /projects/e32998/MIL_training/final_runs/run_20260318_093011/checkpoints/20260318_101154_HierarchicalAttnMIL_epoch20.pth
Best checkpoint updated: /projects/e32998/MIL_training/final_runs/run_20260318_093011/checkpoints/best.pth

Epoch 21/30 (LR: 4.45e-05)
Train Loss: -0.0004 | Train CE: 0.0005 | Train Patch Entropy: 0.8925 | Val Loss: 0.3526 | Val Acc: 0.8889
Epoch Time: 124.57s
No improvement for 1 epoch(s)
Checkpoint saved: /projects/e32998/MIL_training/final_runs/run_20260318_093011/checkpoints/20260318_101358_HierarchicalAttnMIL_epoch21.pth

Epoch 22/30 (LR: 4.45e-05)
Train Loss: -0.0003 | Train CE: 0.0006 | Train Patch Entropy: 0.8899 | Val Loss: 0.3571 | Val Acc: 0.8889
Epoch Time: 118.01s
No improvement for 2 epoch(s)
Checkpoint saved: /projects/e32998/MIL_training/final_runs/run_20260318_093011/checkpoints/20260318_101556_HierarchicalAttnMIL_epoch22.pth

Epoch 23/30 (LR: 4.45e-05)
Train Loss: -0.0002 | Train CE: 0.0007 | Train Patch Entropy: 0.8914 | Val Loss: 0.3549 | Val Acc: 0.8889
Epoch Time: 124.11s
No improvement for 3 epoch(s)
Checkpoint saved: /projects/e32998/MIL_training/final_runs/run_20260318_093011/checkpoints/20260318_101801_HierarchicalAttnMIL_epoch23.pth

Epoch 24/30 (LR: 4.45e-05)
Train Loss: -0.0005 | Train CE: 0.0004 | Train Patch Entropy: 0.8893 | Val Loss: 0.3546 | Val Acc: 0.8889
Epoch Time: 120.58s
No improvement for 4 epoch(s)
Checkpoint saved: /projects/e32998/MIL_training/final_runs/run_20260318_093011/checkpoints/20260318_102001_HierarchicalAttnMIL_epoch24.pth

Epoch 25/30 (LR: 4.45e-05)
Train Loss: -0.0004 | Train CE: 0.0005 | Train Patch Entropy: 0.8894 | Val Loss: 0.3493 | Val Acc: 0.8889
Epoch Time: 123.52s
New best validation loss: 0.3493
Checkpoint saved: /projects/e32998/MIL_training/final_runs/run_20260318_093011/checkpoints/20260318_102205_HierarchicalAttnMIL_epoch25.pth
Best checkpoint updated: /projects/e32998/MIL_training/final_runs/run_20260318_093011/checkpoints/best.pth

Epoch 26/30 (LR: 4.45e-05)
Train Loss: -0.0005 | Train CE: 0.0004 | Train Patch Entropy: 0.8902 | Val Loss: 0.3436 | Val Acc: 0.9444
Epoch Time: 124.30s
New best validation loss: 0.3436
Checkpoint saved: /projects/e32998/MIL_training/final_runs/run_20260318_093011/checkpoints/20260318_102409_HierarchicalAttnMIL_epoch26.pth
Best checkpoint updated: /projects/e32998/MIL_training/final_runs/run_20260318_093011/checkpoints/best.pth

Epoch 27/30 (LR: 4.45e-05)
Train Loss: 0.0000 | Train CE: 0.0009 | Train Patch Entropy: 0.8898 | Val Loss: 0.3408 | Val Acc: 0.9444
Epoch Time: 128.52s
New best validation loss: 0.3408
Checkpoint saved: /projects/e32998/MIL_training/final_runs/run_20260318_093011/checkpoints/20260318_102618_HierarchicalAttnMIL_epoch27.pth
Best checkpoint updated: /projects/e32998/MIL_training/final_runs/run_20260318_093011/checkpoints/best.pth

Epoch 28/30 (LR: 4.45e-05)
Train Loss: -0.0003 | Train CE: 0.0006 | Train Patch Entropy: 0.8898 | Val Loss: 0.3335 | Val Acc: 0.9444
Epoch Time: 129.94s
New best validation loss: 0.3335
Checkpoint saved: /projects/e32998/MIL_training/final_runs/run_20260318_093011/checkpoints/20260318_102828_HierarchicalAttnMIL_epoch28.pth
Best checkpoint updated: /projects/e32998/MIL_training/final_runs/run_20260318_093011/checkpoints/best.pth

Epoch 29/30 (LR: 4.45e-05)
Train Loss: -0.0006 | Train CE: 0.0003 | Train Patch Entropy: 0.8881 | Val Loss: 0.3346 | Val Acc: 0.9444
Epoch Time: 119.48s
No improvement for 1 epoch(s)
Checkpoint saved: /projects/e32998/MIL_training/final_runs/run_20260318_093011/checkpoints/20260318_103027_HierarchicalAttnMIL_epoch29.pth

Epoch 30/30 (LR: 4.45e-05)
Train Loss: -0.0005 | Train CE: 0.0004 | Train Patch Entropy: 0.8883 | Val Loss: 0.3391 | Val Acc: 0.9444
Epoch Time: 122.92s
No improvement for 2 epoch(s)
Checkpoint saved: /projects/e32998/MIL_training/final_runs/run_20260318_093011/checkpoints/20260318_103230_HierarchicalAttnMIL_epoch30.pth

Training completed!

Reloading best checkpoint before test evaluation: /projects/e32998/MIL_training/final_runs/run_20260318_093011/checkpoints/best.pth
Checkpoint loaded: /projects/e32998/MIL_training/final_runs/run_20260318_093011/checkpoints/best.pth (epoch=28)

============================================================
EVALUATING MODEL
============================================================

Test Results:
  Test Loss: 0.4418
  Test Acc:  0.8947
  Samples:   19
Predictions saved to: /projects/e32998/MIL_training/final_runs/run_20260318_093011/predictions_best.csv
Confusion matrix saved to: /projects/e32998/MIL_training/final_runs/run_20260318_093011/confusion_matrix.png

Finished split=split_2_data_splits_new_02, seed=6 in 3775.65s

Running split_2_data_splits_new_02 | seed=7
Random seed set to 7
Using CPU
Created run directory: /projects/e32998/MIL_training/final_runs/run_20260318_103307
================================================================================
HIERARCHICAL ATTENTION MIL TRAINING
================================================================================
Split: split_2_data_splits_new_02
Seed: 7
Arguments: {'labels_csv': '/projects/e32998/STAT390_Krish/Code/Code4_reduce_runtime/extra_benign_case_grade_match.csv', 'patches_dir': '/projects/e32998/patches_benign_split', 'epochs': 30, 'lr': 0.000208, 'batch_size': 1, 'num_workers': 2, 'embed_dim': 512, 'per_slice_cap': 500, 'max_slices_per_stain': 5, 'seed': 7, 'resume': None, 'eval_only': False, 'analyze_attention': False, 'attention_top_n': 5, 'load_splits': '/home/zel9906/STAT390_Team4/Presentation_4_code_Zoe_mar17/no_train_val_leakage_splits/data_splits_new_02.npz', 'multi_run': True, 'splits_dir': '/home/zel9906/STAT390_Team4/Presentation_4_code_Zoe_mar17/no_train_val_leakage_splits', 'seeds': [1, 2, 3, 4, 5, 6, 7, 8, 9, 10], 'aggregate_output_dir': '/home/zel9906/STAT390_Team4/Presentation_4_code_Zoe_mar17/patch_order_results', 'split_name': None, 'checkpoint_dir': '/projects/e32998/MIL_training/final_runs/run_20260318_103307/checkpoints'}
============================================================
PREPARING DATA
============================================================
Loaded 118 labels
Found 83630 patch files
All 3808 non-standard file names were handled.
Grouped into 383 slices
Mapped 371 slices to classes
Class distribution: {1: 238, 0: 133}

----------------------------------------
SPLITTING DATA
----------------------------------------
Loading existing splits from: /home/zel9906/STAT390_Team4/Presentation_4_code_Zoe_mar17/no_train_val_leakage_splits/data_splits_new_02.npz
Data splits loaded from: /home/zel9906/STAT390_Team4/Presentation_4_code_Zoe_mar17/no_train_val_leakage_splits/data_splits_new_02.npz
Loaded splits - Train: 233, Val: 71, Test: 67
Cases per split: 56 18 19
Paths per split: 50430 14130 15481
No leakage between train & val (cases).
No leakage between train & test (cases).
No leakage between val & test (cases).
No leakage between train & val (paths).
No leakage between train & test (paths).
No leakage between val & test (paths).

Data Summary:
==================================================

Label distribution per split:
label   0   1
split        
test    7  12
train  21  35
val     7  11

Mean patches per stain per split:
       h&e_patches  melan_patches  sox10_patches
split                                           
test         387.2          242.0          185.6
train        447.4          245.8          207.4
val          404.4          203.2          177.3

Median patches per stain per split:
       h&e_patches  melan_patches  sox10_patches
split                                           
test         328.0          192.0          128.0
train        327.5          184.5          159.5
val          306.0          174.0          148.0

Missing stain proportion:
       h&e_missing  melan_missing  sox10_missing
split                                           
test           0.0          0.053          0.053
train          0.0          0.018          0.018
val            0.0          0.000          0.000

Total cases: 93
Total patches: 80,041
==================================================

Patch count by class for Train:
  Benign (0):     15000 patches
  High-grade (1): 35430 patches

Patch count by class for Validation:
  Benign (0):     4571 patches
  High-grade (1): 9559 patches

Patch count by class for Test:
  Benign (0):     6209 patches
  High-grade (1): 9272 patches

Data Integrity Check for Train:
Stain coverage:
  h&e: 56/56 (100.0%)
  melan: 55/56 (98.2%)
  sox10: 55/56 (98.2%)
No issues found

Data Integrity Check for Validation:
Stain coverage:
  h&e: 18/18 (100.0%)
  melan: 18/18 (100.0%)
  sox10: 18/18 (100.0%)
No issues found

Data Integrity Check for Test:
Stain coverage:
  h&e: 19/19 (100.0%)
  melan: 18/19 (94.7%)
  sox10: 18/19 (94.7%)
No issues found

============================================================
CREATING DATA LOADERS (POOLED FEATURES)
============================================================
Created data loaders - Train: 56, Val: 18, Test: 19

============================================================
CREATING MODEL
============================================================

Model Summary:
==================================================
Total parameters: 2,493,061
Trainable parameters: 2,493,061
Model size: 9.51 MB
==================================================

============================================================
TRAINING MODEL
============================================================
Starting training from epoch 1 to 30
Device: cpu
Model parameters: 2,493,061
LR scheduler: ReduceLROnPlateau
Patch entropy regularization enabled (lambda=0.001, mode=max, normalize=True) -> maximize entropy (smoother attention)
Early stopping enabled (patience=8, min_delta=0.001, min_epochs=10)

Epoch 1/30 (LR: 2.08e-04)
Train Loss: 1.0104 | Train CE: 1.0114 | Train Patch Entropy: 0.9888 | Val Loss: 0.3995 | Val Acc: 0.7778
Epoch Time: 115.97s
New best validation loss: 0.3995
Checkpoint saved: /projects/e32998/MIL_training/final_runs/run_20260318_103307/checkpoints/20260318_103504_HierarchicalAttnMIL_epoch1.pth
Best checkpoint updated: /projects/e32998/MIL_training/final_runs/run_20260318_103307/checkpoints/best.pth

Epoch 2/30 (LR: 2.08e-04)
Train Loss: 0.3532 | Train CE: 0.3541 | Train Patch Entropy: 0.9665 | Val Loss: 0.3034 | Val Acc: 0.7778
Epoch Time: 124.38s
New best validation loss: 0.3034
Checkpoint saved: /projects/e32998/MIL_training/final_runs/run_20260318_103307/checkpoints/20260318_103708_HierarchicalAttnMIL_epoch2.pth
Best checkpoint updated: /projects/e32998/MIL_training/final_runs/run_20260318_103307/checkpoints/best.pth

Epoch 3/30 (LR: 2.08e-04)
Train Loss: 0.1747 | Train CE: 0.1756 | Train Patch Entropy: 0.9406 | Val Loss: 0.4014 | Val Acc: 0.8889
Epoch Time: 121.80s
No improvement for 1 epoch(s)
Checkpoint saved: /projects/e32998/MIL_training/final_runs/run_20260318_103307/checkpoints/20260318_103910_HierarchicalAttnMIL_epoch3.pth

Epoch 4/30 (LR: 2.08e-04)
Train Loss: 0.0396 | Train CE: 0.0406 | Train Patch Entropy: 0.9419 | Val Loss: 0.4336 | Val Acc: 0.8889
Epoch Time: 126.19s
No improvement for 2 epoch(s)
Checkpoint saved: /projects/e32998/MIL_training/final_runs/run_20260318_103307/checkpoints/20260318_104116_HierarchicalAttnMIL_epoch4.pth

Epoch 5/30 (LR: 2.08e-04)
Train Loss: 0.1062 | Train CE: 0.1072 | Train Patch Entropy: 0.9210 | Val Loss: 0.5411 | Val Acc: 0.7222
Epoch Time: 124.03s
No improvement for 3 epoch(s)
Checkpoint saved: /projects/e32998/MIL_training/final_runs/run_20260318_103307/checkpoints/20260318_104320_HierarchicalAttnMIL_epoch5.pth

Epoch 6/30 (LR: 2.08e-04)
Train Loss: 0.1988 | Train CE: 0.1998 | Train Patch Entropy: 0.9336 | Val Loss: 0.3311 | Val Acc: 0.8333
Epoch Time: 129.27s
No improvement for 4 epoch(s)
Checkpoint saved: /projects/e32998/MIL_training/final_runs/run_20260318_103307/checkpoints/20260318_104530_HierarchicalAttnMIL_epoch6.pth

Epoch 7/30 (LR: 2.08e-04)
Train Loss: 0.0074 | Train CE: 0.0083 | Train Patch Entropy: 0.9406 | Val Loss: 0.3493 | Val Acc: 0.8333
Epoch Time: 135.50s
No improvement for 5 epoch(s)
Checkpoint saved: /projects/e32998/MIL_training/final_runs/run_20260318_103307/checkpoints/20260318_104745_HierarchicalAttnMIL_epoch7.pth

Epoch 8/30 (LR: 4.45e-05)
Train Loss: 0.0053 | Train CE: 0.0063 | Train Patch Entropy: 0.9371 | Val Loss: 0.3549 | Val Acc: 0.8333
Epoch Time: 116.72s
No improvement for 6 epoch(s)
Checkpoint saved: /projects/e32998/MIL_training/final_runs/run_20260318_103307/checkpoints/20260318_104942_HierarchicalAttnMIL_epoch8.pth

Epoch 9/30 (LR: 4.45e-05)
Train Loss: 0.0057 | Train CE: 0.0067 | Train Patch Entropy: 0.9371 | Val Loss: 0.3609 | Val Acc: 0.8333
Epoch Time: 114.27s
No improvement for 7 epoch(s)
Checkpoint saved: /projects/e32998/MIL_training/final_runs/run_20260318_103307/checkpoints/20260318_105136_HierarchicalAttnMIL_epoch9.pth

Epoch 10/30 (LR: 4.45e-05)
Train Loss: 0.0038 | Train CE: 0.0048 | Train Patch Entropy: 0.9362 | Val Loss: 0.3684 | Val Acc: 0.8333
Epoch Time: 120.70s
No improvement for 8 epoch(s)
Checkpoint saved: /projects/e32998/MIL_training/final_runs/run_20260318_103307/checkpoints/20260318_105337_HierarchicalAttnMIL_epoch10.pth

Early stopping triggered at epoch 10. Best val loss: 0.3034

Training completed!

Reloading best checkpoint before test evaluation: /projects/e32998/MIL_training/final_runs/run_20260318_103307/checkpoints/best.pth
Checkpoint loaded: /projects/e32998/MIL_training/final_runs/run_20260318_103307/checkpoints/best.pth (epoch=2)

============================================================
EVALUATING MODEL
============================================================

Test Results:
  Test Loss: 0.4574
  Test Acc:  0.7368
  Samples:   19
Predictions saved to: /projects/e32998/MIL_training/final_runs/run_20260318_103307/predictions_best.csv
Confusion matrix saved to: /projects/e32998/MIL_training/final_runs/run_20260318_103307/confusion_matrix.png

Finished split=split_2_data_splits_new_02, seed=7 in 1267.01s

Running split_2_data_splits_new_02 | seed=8
Random seed set to 8
Using CPU
Created run directory: /projects/e32998/MIL_training/final_runs/run_20260318_105414
================================================================================
HIERARCHICAL ATTENTION MIL TRAINING
================================================================================
Split: split_2_data_splits_new_02
Seed: 8
Arguments: {'labels_csv': '/projects/e32998/STAT390_Krish/Code/Code4_reduce_runtime/extra_benign_case_grade_match.csv', 'patches_dir': '/projects/e32998/patches_benign_split', 'epochs': 30, 'lr': 0.000208, 'batch_size': 1, 'num_workers': 2, 'embed_dim': 512, 'per_slice_cap': 500, 'max_slices_per_stain': 5, 'seed': 8, 'resume': None, 'eval_only': False, 'analyze_attention': False, 'attention_top_n': 5, 'load_splits': '/home/zel9906/STAT390_Team4/Presentation_4_code_Zoe_mar17/no_train_val_leakage_splits/data_splits_new_02.npz', 'multi_run': True, 'splits_dir': '/home/zel9906/STAT390_Team4/Presentation_4_code_Zoe_mar17/no_train_val_leakage_splits', 'seeds': [1, 2, 3, 4, 5, 6, 7, 8, 9, 10], 'aggregate_output_dir': '/home/zel9906/STAT390_Team4/Presentation_4_code_Zoe_mar17/patch_order_results', 'split_name': None, 'checkpoint_dir': '/projects/e32998/MIL_training/final_runs/run_20260318_105414/checkpoints'}
============================================================
PREPARING DATA
============================================================
Loaded 118 labels
Found 83630 patch files
All 3808 non-standard file names were handled.
Grouped into 383 slices
Mapped 371 slices to classes
Class distribution: {1: 238, 0: 133}

----------------------------------------
SPLITTING DATA
----------------------------------------
Loading existing splits from: /home/zel9906/STAT390_Team4/Presentation_4_code_Zoe_mar17/no_train_val_leakage_splits/data_splits_new_02.npz
Data splits loaded from: /home/zel9906/STAT390_Team4/Presentation_4_code_Zoe_mar17/no_train_val_leakage_splits/data_splits_new_02.npz
Loaded splits - Train: 233, Val: 71, Test: 67
Cases per split: 56 18 19
Paths per split: 50430 14130 15481
No leakage between train & val (cases).
No leakage between train & test (cases).
No leakage between val & test (cases).
No leakage between train & val (paths).
No leakage between train & test (paths).
No leakage between val & test (paths).

Data Summary:
==================================================

Label distribution per split:
label   0   1
split        
test    7  12
train  21  35
val     7  11

Mean patches per stain per split:
       h&e_patches  melan_patches  sox10_patches
split                                           
test         387.2          242.0          185.6
train        447.4          245.8          207.4
val          404.4          203.2          177.3

Median patches per stain per split:
       h&e_patches  melan_patches  sox10_patches
split                                           
test         328.0          192.0          128.0
train        327.5          184.5          159.5
val          306.0          174.0          148.0

Missing stain proportion:
       h&e_missing  melan_missing  sox10_missing
split                                           
test           0.0          0.053          0.053
train          0.0          0.018          0.018
val            0.0          0.000          0.000

Total cases: 93
Total patches: 80,041
==================================================

Patch count by class for Train:
  Benign (0):     15000 patches
  High-grade (1): 35430 patches

Patch count by class for Validation:
  Benign (0):     4571 patches
  High-grade (1): 9559 patches

Patch count by class for Test:
  Benign (0):     6209 patches
  High-grade (1): 9272 patches

Data Integrity Check for Train:
Stain coverage:
  h&e: 56/56 (100.0%)
  melan: 55/56 (98.2%)
  sox10: 55/56 (98.2%)
No issues found

Data Integrity Check for Validation:
Stain coverage:
  h&e: 18/18 (100.0%)
  melan: 18/18 (100.0%)
  sox10: 18/18 (100.0%)
No issues found

Data Integrity Check for Test:
Stain coverage:
  h&e: 19/19 (100.0%)
  melan: 18/19 (94.7%)
  sox10: 18/19 (94.7%)
No issues found

============================================================
CREATING DATA LOADERS (POOLED FEATURES)
============================================================
Created data loaders - Train: 56, Val: 18, Test: 19

============================================================
CREATING MODEL
============================================================

Model Summary:
==================================================
Total parameters: 2,493,061
Trainable parameters: 2,493,061
Model size: 9.51 MB
==================================================

============================================================
TRAINING MODEL
============================================================
Starting training from epoch 1 to 30
Device: cpu
Model parameters: 2,493,061
LR scheduler: ReduceLROnPlateau
Patch entropy regularization enabled (lambda=0.001, mode=max, normalize=True) -> maximize entropy (smoother attention)
Early stopping enabled (patience=8, min_delta=0.001, min_epochs=10)

Epoch 1/30 (LR: 2.08e-04)
Train Loss: 0.8656 | Train CE: 0.8666 | Train Patch Entropy: 0.9899 | Val Loss: 0.4460 | Val Acc: 0.7222
Epoch Time: 115.79s
New best validation loss: 0.4460
Checkpoint saved: /projects/e32998/MIL_training/final_runs/run_20260318_105414/checkpoints/20260318_105611_HierarchicalAttnMIL_epoch1.pth
Best checkpoint updated: /projects/e32998/MIL_training/final_runs/run_20260318_105414/checkpoints/best.pth

Epoch 2/30 (LR: 2.08e-04)
Train Loss: 0.3882 | Train CE: 0.3892 | Train Patch Entropy: 0.9716 | Val Loss: 0.2991 | Val Acc: 0.9444
Epoch Time: 116.77s
New best validation loss: 0.2991
Checkpoint saved: /projects/e32998/MIL_training/final_runs/run_20260318_105414/checkpoints/20260318_105807_HierarchicalAttnMIL_epoch2.pth
Best checkpoint updated: /projects/e32998/MIL_training/final_runs/run_20260318_105414/checkpoints/best.pth

Epoch 3/30 (LR: 2.08e-04)
Train Loss: 0.1451 | Train CE: 0.1461 | Train Patch Entropy: 0.9525 | Val Loss: 0.5002 | Val Acc: 0.8333
Epoch Time: 127.94s
No improvement for 1 epoch(s)
Checkpoint saved: /projects/e32998/MIL_training/final_runs/run_20260318_105414/checkpoints/20260318_110015_HierarchicalAttnMIL_epoch3.pth

Epoch 4/30 (LR: 2.08e-04)
Train Loss: 0.3657 | Train CE: 0.3666 | Train Patch Entropy: 0.9433 | Val Loss: 0.6635 | Val Acc: 0.7222
Epoch Time: 123.88s
No improvement for 2 epoch(s)
Checkpoint saved: /projects/e32998/MIL_training/final_runs/run_20260318_105414/checkpoints/20260318_110219_HierarchicalAttnMIL_epoch4.pth

Epoch 5/30 (LR: 2.08e-04)
Train Loss: 0.1226 | Train CE: 0.1235 | Train Patch Entropy: 0.9205 | Val Loss: 0.7821 | Val Acc: 0.7778
Epoch Time: 115.10s
No improvement for 3 epoch(s)
Checkpoint saved: /projects/e32998/MIL_training/final_runs/run_20260318_105414/checkpoints/20260318_110415_HierarchicalAttnMIL_epoch5.pth

Epoch 6/30 (LR: 2.08e-04)
Train Loss: 0.0878 | Train CE: 0.0888 | Train Patch Entropy: 0.9219 | Val Loss: 0.5364 | Val Acc: 0.8333
Epoch Time: 126.13s
No improvement for 4 epoch(s)
Checkpoint saved: /projects/e32998/MIL_training/final_runs/run_20260318_105414/checkpoints/20260318_110621_HierarchicalAttnMIL_epoch6.pth

Epoch 7/30 (LR: 2.08e-04)
Train Loss: 0.0553 | Train CE: 0.0563 | Train Patch Entropy: 0.9409 | Val Loss: 0.6337 | Val Acc: 0.8333
Epoch Time: 120.10s
No improvement for 5 epoch(s)
Checkpoint saved: /projects/e32998/MIL_training/final_runs/run_20260318_105414/checkpoints/20260318_110821_HierarchicalAttnMIL_epoch7.pth

Epoch 8/30 (LR: 4.45e-05)
Train Loss: 0.0218 | Train CE: 0.0227 | Train Patch Entropy: 0.9147 | Val Loss: 0.3933 | Val Acc: 0.8333
Epoch Time: 125.50s
No improvement for 6 epoch(s)
Checkpoint saved: /projects/e32998/MIL_training/final_runs/run_20260318_105414/checkpoints/20260318_111026_HierarchicalAttnMIL_epoch8.pth

Epoch 9/30 (LR: 4.45e-05)
Train Loss: 0.0052 | Train CE: 0.0061 | Train Patch Entropy: 0.9141 | Val Loss: 0.3506 | Val Acc: 0.8889
Epoch Time: 122.53s
No improvement for 7 epoch(s)
Checkpoint saved: /projects/e32998/MIL_training/final_runs/run_20260318_105414/checkpoints/20260318_111229_HierarchicalAttnMIL_epoch9.pth

Epoch 10/30 (LR: 4.45e-05)
Train Loss: 0.0033 | Train CE: 0.0042 | Train Patch Entropy: 0.9126 | Val Loss: 0.3471 | Val Acc: 0.8889
Epoch Time: 123.16s
No improvement for 8 epoch(s)
Checkpoint saved: /projects/e32998/MIL_training/final_runs/run_20260318_105414/checkpoints/20260318_111432_HierarchicalAttnMIL_epoch10.pth

Early stopping triggered at epoch 10. Best val loss: 0.2991

Training completed!

Reloading best checkpoint before test evaluation: /projects/e32998/MIL_training/final_runs/run_20260318_105414/checkpoints/best.pth
Checkpoint loaded: /projects/e32998/MIL_training/final_runs/run_20260318_105414/checkpoints/best.pth (epoch=2)

============================================================
EVALUATING MODEL
============================================================

Test Results:
  Test Loss: 0.3019
  Test Acc:  0.8421
  Samples:   19
Predictions saved to: /projects/e32998/MIL_training/final_runs/run_20260318_105414/predictions_best.csv
Confusion matrix saved to: /projects/e32998/MIL_training/final_runs/run_20260318_105414/confusion_matrix.png

Finished split=split_2_data_splits_new_02, seed=8 in 1255.52s

Running split_2_data_splits_new_02 | seed=9
Random seed set to 9
Using CPU
Created run directory: /projects/e32998/MIL_training/final_runs/run_20260318_111510
================================================================================
HIERARCHICAL ATTENTION MIL TRAINING
================================================================================
Split: split_2_data_splits_new_02
Seed: 9
Arguments: {'labels_csv': '/projects/e32998/STAT390_Krish/Code/Code4_reduce_runtime/extra_benign_case_grade_match.csv', 'patches_dir': '/projects/e32998/patches_benign_split', 'epochs': 30, 'lr': 0.000208, 'batch_size': 1, 'num_workers': 2, 'embed_dim': 512, 'per_slice_cap': 500, 'max_slices_per_stain': 5, 'seed': 9, 'resume': None, 'eval_only': False, 'analyze_attention': False, 'attention_top_n': 5, 'load_splits': '/home/zel9906/STAT390_Team4/Presentation_4_code_Zoe_mar17/no_train_val_leakage_splits/data_splits_new_02.npz', 'multi_run': True, 'splits_dir': '/home/zel9906/STAT390_Team4/Presentation_4_code_Zoe_mar17/no_train_val_leakage_splits', 'seeds': [1, 2, 3, 4, 5, 6, 7, 8, 9, 10], 'aggregate_output_dir': '/home/zel9906/STAT390_Team4/Presentation_4_code_Zoe_mar17/patch_order_results', 'split_name': None, 'checkpoint_dir': '/projects/e32998/MIL_training/final_runs/run_20260318_111510/checkpoints'}
============================================================
PREPARING DATA
============================================================
Loaded 118 labels
Found 83630 patch files
All 3808 non-standard file names were handled.
Grouped into 383 slices
Mapped 371 slices to classes
Class distribution: {1: 238, 0: 133}

----------------------------------------
SPLITTING DATA
----------------------------------------
Loading existing splits from: /home/zel9906/STAT390_Team4/Presentation_4_code_Zoe_mar17/no_train_val_leakage_splits/data_splits_new_02.npz
Data splits loaded from: /home/zel9906/STAT390_Team4/Presentation_4_code_Zoe_mar17/no_train_val_leakage_splits/data_splits_new_02.npz
Loaded splits - Train: 233, Val: 71, Test: 67
Cases per split: 56 18 19
Paths per split: 50430 14130 15481
No leakage between train & val (cases).
No leakage between train & test (cases).
No leakage between val & test (cases).
No leakage between train & val (paths).
No leakage between train & test (paths).
No leakage between val & test (paths).

Data Summary:
==================================================

Label distribution per split:
label   0   1
split        
test    7  12
train  21  35
val     7  11

Mean patches per stain per split:
       h&e_patches  melan_patches  sox10_patches
split                                           
test         387.2          242.0          185.6
train        447.4          245.8          207.4
val          404.4          203.2          177.3

Median patches per stain per split:
       h&e_patches  melan_patches  sox10_patches
split                                           
test         328.0          192.0          128.0
train        327.5          184.5          159.5
val          306.0          174.0          148.0

Missing stain proportion:
       h&e_missing  melan_missing  sox10_missing
split                                           
test           0.0          0.053          0.053
train          0.0          0.018          0.018
val            0.0          0.000          0.000

Total cases: 93
Total patches: 80,041
==================================================

Patch count by class for Train:
  Benign (0):     15000 patches
  High-grade (1): 35430 patches

Patch count by class for Validation:
  Benign (0):     4571 patches
  High-grade (1): 9559 patches

Patch count by class for Test:
  Benign (0):     6209 patches
  High-grade (1): 9272 patches

Data Integrity Check for Train:
Stain coverage:
  h&e: 56/56 (100.0%)
  melan: 55/56 (98.2%)
  sox10: 55/56 (98.2%)
No issues found

Data Integrity Check for Validation:
Stain coverage:
  h&e: 18/18 (100.0%)
  melan: 18/18 (100.0%)
  sox10: 18/18 (100.0%)
No issues found

Data Integrity Check for Test:
Stain coverage:
  h&e: 19/19 (100.0%)
  melan: 18/19 (94.7%)
  sox10: 18/19 (94.7%)
No issues found

============================================================
CREATING DATA LOADERS (POOLED FEATURES)
============================================================
Created data loaders - Train: 56, Val: 18, Test: 19

============================================================
CREATING MODEL
============================================================

Model Summary:
==================================================
Total parameters: 2,493,061
Trainable parameters: 2,493,061
Model size: 9.51 MB
==================================================

============================================================
TRAINING MODEL
============================================================
Starting training from epoch 1 to 30
Device: cpu
Model parameters: 2,493,061
LR scheduler: ReduceLROnPlateau
Patch entropy regularization enabled (lambda=0.001, mode=max, normalize=True) -> maximize entropy (smoother attention)
Early stopping enabled (patience=8, min_delta=0.001, min_epochs=10)

Epoch 1/30 (LR: 2.08e-04)
Train Loss: 0.7747 | Train CE: 0.7757 | Train Patch Entropy: 0.9928 | Val Loss: 0.3682 | Val Acc: 0.8889
Epoch Time: 123.02s
New best validation loss: 0.3682
Checkpoint saved: /projects/e32998/MIL_training/final_runs/run_20260318_111510/checkpoints/20260318_111713_HierarchicalAttnMIL_epoch1.pth
Best checkpoint updated: /projects/e32998/MIL_training/final_runs/run_20260318_111510/checkpoints/best.pth

Epoch 2/30 (LR: 2.08e-04)
Train Loss: 0.4096 | Train CE: 0.4106 | Train Patch Entropy: 0.9832 | Val Loss: 0.3290 | Val Acc: 0.8333
Epoch Time: 120.23s
New best validation loss: 0.3290
Checkpoint saved: /projects/e32998/MIL_training/final_runs/run_20260318_111510/checkpoints/20260318_111914_HierarchicalAttnMIL_epoch2.pth
Best checkpoint updated: /projects/e32998/MIL_training/final_runs/run_20260318_111510/checkpoints/best.pth

Epoch 3/30 (LR: 2.08e-04)
Train Loss: 0.1833 | Train CE: 0.1843 | Train Patch Entropy: 0.9697 | Val Loss: 0.3386 | Val Acc: 0.8889
Epoch Time: 120.75s
No improvement for 1 epoch(s)
Checkpoint saved: /projects/e32998/MIL_training/final_runs/run_20260318_111510/checkpoints/20260318_112115_HierarchicalAttnMIL_epoch3.pth

Epoch 4/30 (LR: 2.08e-04)
Train Loss: 0.2806 | Train CE: 0.2815 | Train Patch Entropy: 0.9488 | Val Loss: 0.2625 | Val Acc: 0.9444
Epoch Time: 129.37s
New best validation loss: 0.2625
Checkpoint saved: /projects/e32998/MIL_training/final_runs/run_20260318_111510/checkpoints/20260318_112325_HierarchicalAttnMIL_epoch4.pth
Best checkpoint updated: /projects/e32998/MIL_training/final_runs/run_20260318_111510/checkpoints/best.pth

Epoch 5/30 (LR: 2.08e-04)
Train Loss: 0.0787 | Train CE: 0.0797 | Train Patch Entropy: 0.9574 | Val Loss: 0.7140 | Val Acc: 0.8333
Epoch Time: 116.51s
No improvement for 1 epoch(s)
Checkpoint saved: /projects/e32998/MIL_training/final_runs/run_20260318_111510/checkpoints/20260318_112521_HierarchicalAttnMIL_epoch5.pth

Epoch 6/30 (LR: 2.08e-04)
Train Loss: 0.1014 | Train CE: 0.1023 | Train Patch Entropy: 0.9410 | Val Loss: 0.5778 | Val Acc: 0.7222
Epoch Time: 121.74s
No improvement for 2 epoch(s)
Checkpoint saved: /projects/e32998/MIL_training/final_runs/run_20260318_111510/checkpoints/20260318_112723_HierarchicalAttnMIL_epoch6.pth

Epoch 7/30 (LR: 2.08e-04)
Train Loss: 0.0159 | Train CE: 0.0169 | Train Patch Entropy: 0.9630 | Val Loss: 0.5225 | Val Acc: 0.7222
Epoch Time: 135.42s
No improvement for 3 epoch(s)
Checkpoint saved: /projects/e32998/MIL_training/final_runs/run_20260318_111510/checkpoints/20260318_112938_HierarchicalAttnMIL_epoch7.pth

Epoch 8/30 (LR: 2.08e-04)
Train Loss: 0.0051 | Train CE: 0.0061 | Train Patch Entropy: 0.9685 | Val Loss: 0.4137 | Val Acc: 0.7778
Epoch Time: 119.52s
No improvement for 4 epoch(s)
Checkpoint saved: /projects/e32998/MIL_training/final_runs/run_20260318_111510/checkpoints/20260318_113138_HierarchicalAttnMIL_epoch8.pth

Epoch 9/30 (LR: 2.08e-04)
Train Loss: 0.0015 | Train CE: 0.0025 | Train Patch Entropy: 0.9654 | Val Loss: 0.4172 | Val Acc: 0.7222
Epoch Time: 128.58s
No improvement for 5 epoch(s)
Checkpoint saved: /projects/e32998/MIL_training/final_runs/run_20260318_111510/checkpoints/20260318_113347_HierarchicalAttnMIL_epoch9.pth

Epoch 10/30 (LR: 4.45e-05)
Train Loss: 0.0013 | Train CE: 0.0023 | Train Patch Entropy: 0.9646 | Val Loss: 0.4191 | Val Acc: 0.7222
Epoch Time: 127.33s
No improvement for 6 epoch(s)
Checkpoint saved: /projects/e32998/MIL_training/final_runs/run_20260318_111510/checkpoints/20260318_113554_HierarchicalAttnMIL_epoch10.pth

Epoch 11/30 (LR: 4.45e-05)
Train Loss: 0.0032 | Train CE: 0.0042 | Train Patch Entropy: 0.9644 | Val Loss: 0.4230 | Val Acc: 0.7222
Epoch Time: 123.38s
No improvement for 7 epoch(s)
Checkpoint saved: /projects/e32998/MIL_training/final_runs/run_20260318_111510/checkpoints/20260318_113757_HierarchicalAttnMIL_epoch11.pth

Epoch 12/30 (LR: 4.45e-05)
Train Loss: 0.0016 | Train CE: 0.0026 | Train Patch Entropy: 0.9642 | Val Loss: 0.4287 | Val Acc: 0.7778
Epoch Time: 123.22s
No improvement for 8 epoch(s)
Checkpoint saved: /projects/e32998/MIL_training/final_runs/run_20260318_111510/checkpoints/20260318_114001_HierarchicalAttnMIL_epoch12.pth

Early stopping triggered at epoch 12. Best val loss: 0.2625

Training completed!

Reloading best checkpoint before test evaluation: /projects/e32998/MIL_training/final_runs/run_20260318_111510/checkpoints/best.pth
Checkpoint loaded: /projects/e32998/MIL_training/final_runs/run_20260318_111510/checkpoints/best.pth (epoch=4)

============================================================
EVALUATING MODEL
============================================================

Test Results:
  Test Loss: 0.4622
  Test Acc:  0.7895
  Samples:   19
Predictions saved to: /projects/e32998/MIL_training/final_runs/run_20260318_111510/predictions_best.csv
Confusion matrix saved to: /projects/e32998/MIL_training/final_runs/run_20260318_111510/confusion_matrix.png

Finished split=split_2_data_splits_new_02, seed=9 in 1526.37s

Running split_2_data_splits_new_02 | seed=10
Random seed set to 10
Using CPU
Created run directory: /projects/e32998/MIL_training/final_runs/run_20260318_114037
================================================================================
HIERARCHICAL ATTENTION MIL TRAINING
================================================================================
Split: split_2_data_splits_new_02
Seed: 10
Arguments: {'labels_csv': '/projects/e32998/STAT390_Krish/Code/Code4_reduce_runtime/extra_benign_case_grade_match.csv', 'patches_dir': '/projects/e32998/patches_benign_split', 'epochs': 30, 'lr': 0.000208, 'batch_size': 1, 'num_workers': 2, 'embed_dim': 512, 'per_slice_cap': 500, 'max_slices_per_stain': 5, 'seed': 10, 'resume': None, 'eval_only': False, 'analyze_attention': False, 'attention_top_n': 5, 'load_splits': '/home/zel9906/STAT390_Team4/Presentation_4_code_Zoe_mar17/no_train_val_leakage_splits/data_splits_new_02.npz', 'multi_run': True, 'splits_dir': '/home/zel9906/STAT390_Team4/Presentation_4_code_Zoe_mar17/no_train_val_leakage_splits', 'seeds': [1, 2, 3, 4, 5, 6, 7, 8, 9, 10], 'aggregate_output_dir': '/home/zel9906/STAT390_Team4/Presentation_4_code_Zoe_mar17/patch_order_results', 'split_name': None, 'checkpoint_dir': '/projects/e32998/MIL_training/final_runs/run_20260318_114037/checkpoints'}
============================================================
PREPARING DATA
============================================================
Loaded 118 labels
Found 83630 patch files
All 3808 non-standard file names were handled.
Grouped into 383 slices
Mapped 371 slices to classes
Class distribution: {1: 238, 0: 133}

----------------------------------------
SPLITTING DATA
----------------------------------------
Loading existing splits from: /home/zel9906/STAT390_Team4/Presentation_4_code_Zoe_mar17/no_train_val_leakage_splits/data_splits_new_02.npz
Data splits loaded from: /home/zel9906/STAT390_Team4/Presentation_4_code_Zoe_mar17/no_train_val_leakage_splits/data_splits_new_02.npz
Loaded splits - Train: 233, Val: 71, Test: 67
Cases per split: 56 18 19
Paths per split: 50430 14130 15481
No leakage between train & val (cases).
No leakage between train & test (cases).
No leakage between val & test (cases).
No leakage between train & val (paths).
No leakage between train & test (paths).
No leakage between val & test (paths).

Data Summary:
==================================================

Label distribution per split:
label   0   1
split        
test    7  12
train  21  35
val     7  11

Mean patches per stain per split:
       h&e_patches  melan_patches  sox10_patches
split                                           
test         387.2          242.0          185.6
train        447.4          245.8          207.4
val          404.4          203.2          177.3

Median patches per stain per split:
       h&e_patches  melan_patches  sox10_patches
split                                           
test         328.0          192.0          128.0
train        327.5          184.5          159.5
val          306.0          174.0          148.0

Missing stain proportion:
       h&e_missing  melan_missing  sox10_missing
split                                           
test           0.0          0.053          0.053
train          0.0          0.018          0.018
val            0.0          0.000          0.000

Total cases: 93
Total patches: 80,041
==================================================

Patch count by class for Train:
  Benign (0):     15000 patches
  High-grade (1): 35430 patches

Patch count by class for Validation:
  Benign (0):     4571 patches
  High-grade (1): 9559 patches

Patch count by class for Test:
  Benign (0):     6209 patches
  High-grade (1): 9272 patches

Data Integrity Check for Train:
Stain coverage:
  h&e: 56/56 (100.0%)
  melan: 55/56 (98.2%)
  sox10: 55/56 (98.2%)
No issues found

Data Integrity Check for Validation:
Stain coverage:
  h&e: 18/18 (100.0%)
  melan: 18/18 (100.0%)
  sox10: 18/18 (100.0%)
No issues found

Data Integrity Check for Test:
Stain coverage:
  h&e: 19/19 (100.0%)
  melan: 18/19 (94.7%)
  sox10: 18/19 (94.7%)
No issues found

============================================================
CREATING DATA LOADERS (POOLED FEATURES)
============================================================
Created data loaders - Train: 56, Val: 18, Test: 19

============================================================
CREATING MODEL
============================================================

Model Summary:
==================================================
Total parameters: 2,493,061
Trainable parameters: 2,493,061
Model size: 9.51 MB
==================================================

============================================================
TRAINING MODEL
============================================================
Starting training from epoch 1 to 30
Device: cpu
Model parameters: 2,493,061
LR scheduler: ReduceLROnPlateau
Patch entropy regularization enabled (lambda=0.001, mode=max, normalize=True) -> maximize entropy (smoother attention)
Early stopping enabled (patience=8, min_delta=0.001, min_epochs=10)

Epoch 1/30 (LR: 2.08e-04)
Train Loss: 0.8201 | Train CE: 0.8211 | Train Patch Entropy: 0.9877 | Val Loss: 0.3246 | Val Acc: 0.8889
Epoch Time: 120.78s
New best validation loss: 0.3246
Checkpoint saved: /projects/e32998/MIL_training/final_runs/run_20260318_114037/checkpoints/20260318_114238_HierarchicalAttnMIL_epoch1.pth
Best checkpoint updated: /projects/e32998/MIL_training/final_runs/run_20260318_114037/checkpoints/best.pth

Epoch 2/30 (LR: 2.08e-04)
Train Loss: 0.3083 | Train CE: 0.3093 | Train Patch Entropy: 0.9434 | Val Loss: 0.3694 | Val Acc: 0.8333
Epoch Time: 129.32s
No improvement for 1 epoch(s)
Checkpoint saved: /projects/e32998/MIL_training/final_runs/run_20260318_114037/checkpoints/20260318_114447_HierarchicalAttnMIL_epoch2.pth

Epoch 3/30 (LR: 2.08e-04)
Train Loss: 0.0971 | Train CE: 0.0980 | Train Patch Entropy: 0.9351 | Val Loss: 0.3828 | Val Acc: 0.8889
Epoch Time: 121.50s
No improvement for 2 epoch(s)
Checkpoint saved: /projects/e32998/MIL_training/final_runs/run_20260318_114037/checkpoints/20260318_114649_HierarchicalAttnMIL_epoch3.pth

Epoch 4/30 (LR: 2.08e-04)
Train Loss: 0.3797 | Train CE: 0.3806 | Train Patch Entropy: 0.9246 | Val Loss: 0.8788 | Val Acc: 0.7778
Epoch Time: 136.26s
No improvement for 3 epoch(s)
Checkpoint saved: /projects/e32998/MIL_training/final_runs/run_20260318_114037/checkpoints/20260318_114905_HierarchicalAttnMIL_epoch4.pth

Epoch 5/30 (LR: 2.08e-04)
Train Loss: 0.1090 | Train CE: 0.1100 | Train Patch Entropy: 0.9187 | Val Loss: 0.3731 | Val Acc: 0.9444
Epoch Time: 122.37s
No improvement for 4 epoch(s)
Checkpoint saved: /projects/e32998/MIL_training/final_runs/run_20260318_114037/checkpoints/20260318_115108_HierarchicalAttnMIL_epoch5.pth

Epoch 6/30 (LR: 2.08e-04)
Train Loss: 0.0192 | Train CE: 0.0201 | Train Patch Entropy: 0.9028 | Val Loss: 0.4917 | Val Acc: 0.9444
Epoch Time: 131.94s
No improvement for 5 epoch(s)
Checkpoint saved: /projects/e32998/MIL_training/final_runs/run_20260318_114037/checkpoints/20260318_115320_HierarchicalAttnMIL_epoch6.pth

Epoch 7/30 (LR: 4.45e-05)
Train Loss: 0.0083 | Train CE: 0.0092 | Train Patch Entropy: 0.8926 | Val Loss: 0.4420 | Val Acc: 0.9444
Epoch Time: 132.36s
No improvement for 6 epoch(s)
Checkpoint saved: /projects/e32998/MIL_training/final_runs/run_20260318_114037/checkpoints/20260318_115532_HierarchicalAttnMIL_epoch7.pth

Epoch 8/30 (LR: 4.45e-05)
Train Loss: 0.0018 | Train CE: 0.0027 | Train Patch Entropy: 0.8943 | Val Loss: 0.4397 | Val Acc: 0.9444
Epoch Time: 121.36s
No improvement for 7 epoch(s)
Checkpoint saved: /projects/e32998/MIL_training/final_runs/run_20260318_114037/checkpoints/20260318_115733_HierarchicalAttnMIL_epoch8.pth

Epoch 9/30 (LR: 4.45e-05)
Train Loss: 0.0019 | Train CE: 0.0028 | Train Patch Entropy: 0.8950 | Val Loss: 0.4297 | Val Acc: 0.9444
Epoch Time: 121.69s
No improvement for 8 epoch(s)
Checkpoint saved: /projects/e32998/MIL_training/final_runs/run_20260318_114037/checkpoints/20260318_115935_HierarchicalAttnMIL_epoch9.pth

Epoch 10/30 (LR: 4.45e-05)
Train Loss: 0.0014 | Train CE: 0.0023 | Train Patch Entropy: 0.8954 | Val Loss: 0.4299 | Val Acc: 0.9444
Epoch Time: 126.59s
No improvement for 9 epoch(s)
Checkpoint saved: /projects/e32998/MIL_training/final_runs/run_20260318_114037/checkpoints/20260318_120142_HierarchicalAttnMIL_epoch10.pth

Early stopping triggered at epoch 10. Best val loss: 0.3246

Training completed!

Reloading best checkpoint before test evaluation: /projects/e32998/MIL_training/final_runs/run_20260318_114037/checkpoints/best.pth
Checkpoint loaded: /projects/e32998/MIL_training/final_runs/run_20260318_114037/checkpoints/best.pth (epoch=1)

============================================================
EVALUATING MODEL
============================================================

Test Results:
  Test Loss: 0.5389
  Test Acc:  0.7368
  Samples:   19
Predictions saved to: /projects/e32998/MIL_training/final_runs/run_20260318_114037/predictions_best.csv
Confusion matrix saved to: /projects/e32998/MIL_training/final_runs/run_20260318_114037/confusion_matrix.png

Finished split=split_2_data_splits_new_02, seed=10 in 1303.28s

Running split_3_data_splits_new_03 | seed=1
Random seed set to 1
Using CPU
Created run directory: /projects/e32998/MIL_training/final_runs/run_20260318_120220
================================================================================
HIERARCHICAL ATTENTION MIL TRAINING
================================================================================
Split: split_3_data_splits_new_03
Seed: 1
Arguments: {'labels_csv': '/projects/e32998/STAT390_Krish/Code/Code4_reduce_runtime/extra_benign_case_grade_match.csv', 'patches_dir': '/projects/e32998/patches_benign_split', 'epochs': 30, 'lr': 0.000208, 'batch_size': 1, 'num_workers': 2, 'embed_dim': 512, 'per_slice_cap': 500, 'max_slices_per_stain': 5, 'seed': 1, 'resume': None, 'eval_only': False, 'analyze_attention': False, 'attention_top_n': 5, 'load_splits': '/home/zel9906/STAT390_Team4/Presentation_4_code_Zoe_mar17/no_train_val_leakage_splits/data_splits_new_03.npz', 'multi_run': True, 'splits_dir': '/home/zel9906/STAT390_Team4/Presentation_4_code_Zoe_mar17/no_train_val_leakage_splits', 'seeds': [1, 2, 3, 4, 5, 6, 7, 8, 9, 10], 'aggregate_output_dir': '/home/zel9906/STAT390_Team4/Presentation_4_code_Zoe_mar17/patch_order_results', 'split_name': None, 'checkpoint_dir': '/projects/e32998/MIL_training/final_runs/run_20260318_120220/checkpoints'}
============================================================
PREPARING DATA
============================================================
Loaded 118 labels
Found 83630 patch files
All 3808 non-standard file names were handled.
Grouped into 383 slices
Mapped 371 slices to classes
Class distribution: {1: 238, 0: 133}

----------------------------------------
SPLITTING DATA
----------------------------------------
Loading existing splits from: /home/zel9906/STAT390_Team4/Presentation_4_code_Zoe_mar17/no_train_val_leakage_splits/data_splits_new_03.npz
Data splits loaded from: /home/zel9906/STAT390_Team4/Presentation_4_code_Zoe_mar17/no_train_val_leakage_splits/data_splits_new_03.npz
Loaded splits - Train: 197, Val: 67, Test: 107
Cases per split: 55 19 19
Paths per split: 42291 15481 22269
No leakage between train & val (cases).
No leakage between train & test (cases).
No leakage between val & test (cases).
No leakage between train & val (paths).
No leakage between train & test (paths).
No leakage between val & test (paths).

Data Summary:
==================================================

Label distribution per split:
label   0   1
split        
test    7  12
train  21  34
val     7  12

Mean patches per stain per split:
       h&e_patches  melan_patches  sox10_patches
split                                           
test         559.1          337.4          275.6
train        394.7          200.2          174.0
val          387.2          242.0          185.6

Median patches per stain per split:
       h&e_patches  melan_patches  sox10_patches
split                                           
test         414.0          236.0          162.0
train        313.0          175.0          153.0
val          328.0          192.0          128.0

Missing stain proportion:
       h&e_missing  melan_missing  sox10_missing
split                                           
test           0.0          0.000          0.000
train          0.0          0.018          0.018
val            0.0          0.053          0.053

Total cases: 93
Total patches: 80,041
==================================================

Patch count by class for Train:
  Benign (0):     14210 patches
  High-grade (1): 28081 patches

Patch count by class for Validation:
  Benign (0):     6209 patches
  High-grade (1): 9272 patches

Patch count by class for Test:
  Benign (0):     5361 patches
  High-grade (1): 16908 patches

Data Integrity Check for Train:
Stain coverage:
  h&e: 55/55 (100.0%)
  melan: 54/55 (98.2%)
  sox10: 54/55 (98.2%)
No issues found

Data Integrity Check for Validation:
Stain coverage:
  h&e: 19/19 (100.0%)
  melan: 18/19 (94.7%)
  sox10: 18/19 (94.7%)
No issues found

Data Integrity Check for Test:
Stain coverage:
  h&e: 19/19 (100.0%)
  melan: 19/19 (100.0%)
  sox10: 19/19 (100.0%)
No issues found

============================================================
CREATING DATA LOADERS (POOLED FEATURES)
============================================================
Created data loaders - Train: 55, Val: 19, Test: 19

============================================================
CREATING MODEL
============================================================

Model Summary:
==================================================
Total parameters: 2,493,061
Trainable parameters: 2,493,061
Model size: 9.51 MB
==================================================

============================================================
TRAINING MODEL
============================================================
Starting training from epoch 1 to 30
Device: cpu
Model parameters: 2,493,061
LR scheduler: ReduceLROnPlateau
Patch entropy regularization enabled (lambda=0.001, mode=max, normalize=True) -> maximize entropy (smoother attention)
Early stopping enabled (patience=8, min_delta=0.001, min_epochs=10)

Epoch 1/30 (LR: 2.08e-04)
Train Loss: 1.0019 | Train CE: 1.0029 | Train Patch Entropy: 0.9916 | Val Loss: 0.5034 | Val Acc: 0.8421
Epoch Time: 123.40s
New best validation loss: 0.5034
Checkpoint saved: /projects/e32998/MIL_training/final_runs/run_20260318_120220/checkpoints/20260318_120424_HierarchicalAttnMIL_epoch1.pth
Best checkpoint updated: /projects/e32998/MIL_training/final_runs/run_20260318_120220/checkpoints/best.pth

Epoch 2/30 (LR: 2.08e-04)
Train Loss: 0.3364 | Train CE: 0.3374 | Train Patch Entropy: 0.9698 | Val Loss: 0.4712 | Val Acc: 0.8421
Epoch Time: 130.58s
New best validation loss: 0.4712
Checkpoint saved: /projects/e32998/MIL_training/final_runs/run_20260318_120220/checkpoints/20260318_120635_HierarchicalAttnMIL_epoch2.pth
Best checkpoint updated: /projects/e32998/MIL_training/final_runs/run_20260318_120220/checkpoints/best.pth

Epoch 3/30 (LR: 2.08e-04)
Train Loss: 0.2598 | Train CE: 0.2608 | Train Patch Entropy: 0.9317 | Val Loss: 0.2677 | Val Acc: 0.8947
Epoch Time: 132.27s
New best validation loss: 0.2677
Checkpoint saved: /projects/e32998/MIL_training/final_runs/run_20260318_120220/checkpoints/20260318_120847_HierarchicalAttnMIL_epoch3.pth
Best checkpoint updated: /projects/e32998/MIL_training/final_runs/run_20260318_120220/checkpoints/best.pth

Epoch 4/30 (LR: 2.08e-04)
Train Loss: 0.1526 | Train CE: 0.1536 | Train Patch Entropy: 0.9144 | Val Loss: 0.2946 | Val Acc: 0.7895
Epoch Time: 140.11s
No improvement for 1 epoch(s)
Checkpoint saved: /projects/e32998/MIL_training/final_runs/run_20260318_120220/checkpoints/20260318_121107_HierarchicalAttnMIL_epoch4.pth

Epoch 5/30 (LR: 2.08e-04)
Train Loss: 0.0742 | Train CE: 0.0750 | Train Patch Entropy: 0.8853 | Val Loss: 0.3038 | Val Acc: 0.8947
Epoch Time: 133.86s
No improvement for 2 epoch(s)
Checkpoint saved: /projects/e32998/MIL_training/final_runs/run_20260318_120220/checkpoints/20260318_121321_HierarchicalAttnMIL_epoch5.pth

Epoch 6/30 (LR: 2.08e-04)
Train Loss: 0.1119 | Train CE: 0.1128 | Train Patch Entropy: 0.8511 | Val Loss: 0.5268 | Val Acc: 0.8421
Epoch Time: 134.55s
No improvement for 3 epoch(s)
Checkpoint saved: /projects/e32998/MIL_training/final_runs/run_20260318_120220/checkpoints/20260318_121536_HierarchicalAttnMIL_epoch6.pth

Epoch 7/30 (LR: 2.08e-04)
Train Loss: 0.0191 | Train CE: 0.0199 | Train Patch Entropy: 0.8254 | Val Loss: 0.3288 | Val Acc: 0.8947
Epoch Time: 129.06s
No improvement for 4 epoch(s)
Checkpoint saved: /projects/e32998/MIL_training/final_runs/run_20260318_120220/checkpoints/20260318_121745_HierarchicalAttnMIL_epoch7.pth

Epoch 8/30 (LR: 2.08e-04)
Train Loss: 0.0061 | Train CE: 0.0069 | Train Patch Entropy: 0.8374 | Val Loss: 0.4986 | Val Acc: 0.8947
Epoch Time: 138.69s
No improvement for 5 epoch(s)
Checkpoint saved: /projects/e32998/MIL_training/final_runs/run_20260318_120220/checkpoints/20260318_122003_HierarchicalAttnMIL_epoch8.pth

Epoch 9/30 (LR: 4.45e-05)
Train Loss: 0.0019 | Train CE: 0.0027 | Train Patch Entropy: 0.8271 | Val Loss: 0.4581 | Val Acc: 0.8947
Epoch Time: 135.70s
No improvement for 6 epoch(s)
Checkpoint saved: /projects/e32998/MIL_training/final_runs/run_20260318_120220/checkpoints/20260318_122219_HierarchicalAttnMIL_epoch9.pth

Epoch 10/30 (LR: 4.45e-05)
Train Loss: 0.0023 | Train CE: 0.0031 | Train Patch Entropy: 0.8238 | Val Loss: 0.4210 | Val Acc: 0.8947
Epoch Time: 147.66s
No improvement for 7 epoch(s)
Checkpoint saved: /projects/e32998/MIL_training/final_runs/run_20260318_120220/checkpoints/20260318_122447_HierarchicalAttnMIL_epoch10.pth

Epoch 11/30 (LR: 4.45e-05)
Train Loss: 0.0007 | Train CE: 0.0015 | Train Patch Entropy: 0.8207 | Val Loss: 0.4121 | Val Acc: 0.8947
Epoch Time: 127.30s
No improvement for 8 epoch(s)
Checkpoint saved: /projects/e32998/MIL_training/final_runs/run_20260318_120220/checkpoints/20260318_122654_HierarchicalAttnMIL_epoch11.pth

Early stopping triggered at epoch 11. Best val loss: 0.2677

Training completed!

Reloading best checkpoint before test evaluation: /projects/e32998/MIL_training/final_runs/run_20260318_120220/checkpoints/best.pth
Checkpoint loaded: /projects/e32998/MIL_training/final_runs/run_20260318_120220/checkpoints/best.pth (epoch=3)

============================================================
EVALUATING MODEL
============================================================

Test Results:
  Test Loss: 0.2974
  Test Acc:  0.8421
  Samples:   19
Predictions saved to: /projects/e32998/MIL_training/final_runs/run_20260318_120220/predictions_best.csv
Confusion matrix saved to: /projects/e32998/MIL_training/final_runs/run_20260318_120220/confusion_matrix.png

Finished split=split_3_data_splits_new_03, seed=1 in 1519.80s

Running split_3_data_splits_new_03 | seed=2
Random seed set to 2
Using CPU
Created run directory: /projects/e32998/MIL_training/final_runs/run_20260318_122740
================================================================================
HIERARCHICAL ATTENTION MIL TRAINING
================================================================================
Split: split_3_data_splits_new_03
Seed: 2
Arguments: {'labels_csv': '/projects/e32998/STAT390_Krish/Code/Code4_reduce_runtime/extra_benign_case_grade_match.csv', 'patches_dir': '/projects/e32998/patches_benign_split', 'epochs': 30, 'lr': 0.000208, 'batch_size': 1, 'num_workers': 2, 'embed_dim': 512, 'per_slice_cap': 500, 'max_slices_per_stain': 5, 'seed': 2, 'resume': None, 'eval_only': False, 'analyze_attention': False, 'attention_top_n': 5, 'load_splits': '/home/zel9906/STAT390_Team4/Presentation_4_code_Zoe_mar17/no_train_val_leakage_splits/data_splits_new_03.npz', 'multi_run': True, 'splits_dir': '/home/zel9906/STAT390_Team4/Presentation_4_code_Zoe_mar17/no_train_val_leakage_splits', 'seeds': [1, 2, 3, 4, 5, 6, 7, 8, 9, 10], 'aggregate_output_dir': '/home/zel9906/STAT390_Team4/Presentation_4_code_Zoe_mar17/patch_order_results', 'split_name': None, 'checkpoint_dir': '/projects/e32998/MIL_training/final_runs/run_20260318_122740/checkpoints'}
============================================================
PREPARING DATA
============================================================
Loaded 118 labels
Found 83630 patch files
All 3808 non-standard file names were handled.
Grouped into 383 slices
Mapped 371 slices to classes
Class distribution: {1: 238, 0: 133}

----------------------------------------
SPLITTING DATA
----------------------------------------
Loading existing splits from: /home/zel9906/STAT390_Team4/Presentation_4_code_Zoe_mar17/no_train_val_leakage_splits/data_splits_new_03.npz
Data splits loaded from: /home/zel9906/STAT390_Team4/Presentation_4_code_Zoe_mar17/no_train_val_leakage_splits/data_splits_new_03.npz
Loaded splits - Train: 197, Val: 67, Test: 107
Cases per split: 55 19 19
Paths per split: 42291 15481 22269
No leakage between train & val (cases).
No leakage between train & test (cases).
No leakage between val & test (cases).
No leakage between train & val (paths).
No leakage between train & test (paths).
No leakage between val & test (paths).

Data Summary:
==================================================

Label distribution per split:
label   0   1
split        
test    7  12
train  21  34
val     7  12

Mean patches per stain per split:
       h&e_patches  melan_patches  sox10_patches
split                                           
test         559.1          337.4          275.6
train        394.7          200.2          174.0
val          387.2          242.0          185.6

Median patches per stain per split:
       h&e_patches  melan_patches  sox10_patches
split                                           
test         414.0          236.0          162.0
train        313.0          175.0          153.0
val          328.0          192.0          128.0

Missing stain proportion:
       h&e_missing  melan_missing  sox10_missing
split                                           
test           0.0          0.000          0.000
train          0.0          0.018          0.018
val            0.0          0.053          0.053

Total cases: 93
Total patches: 80,041
==================================================

Patch count by class for Train:
  Benign (0):     14210 patches
  High-grade (1): 28081 patches

Patch count by class for Validation:
  Benign (0):     6209 patches
  High-grade (1): 9272 patches

Patch count by class for Test:
  Benign (0):     5361 patches
  High-grade (1): 16908 patches

Data Integrity Check for Train:
Stain coverage:
  h&e: 55/55 (100.0%)
  melan: 54/55 (98.2%)
  sox10: 54/55 (98.2%)
No issues found

Data Integrity Check for Validation:
Stain coverage:
  h&e: 19/19 (100.0%)
  melan: 18/19 (94.7%)
  sox10: 18/19 (94.7%)
No issues found

Data Integrity Check for Test:
Stain coverage:
  h&e: 19/19 (100.0%)
  melan: 19/19 (100.0%)
  sox10: 19/19 (100.0%)
No issues found

============================================================
CREATING DATA LOADERS (POOLED FEATURES)
============================================================
Created data loaders - Train: 55, Val: 19, Test: 19

============================================================
CREATING MODEL
============================================================

Model Summary:
==================================================
Total parameters: 2,493,061
Trainable parameters: 2,493,061
Model size: 9.51 MB
==================================================

============================================================
TRAINING MODEL
============================================================
Starting training from epoch 1 to 30
Device: cpu
Model parameters: 2,493,061
LR scheduler: ReduceLROnPlateau
Patch entropy regularization enabled (lambda=0.001, mode=max, normalize=True) -> maximize entropy (smoother attention)
Early stopping enabled (patience=8, min_delta=0.001, min_epochs=10)

Epoch 1/30 (LR: 2.08e-04)
Train Loss: 0.6283 | Train CE: 0.6293 | Train Patch Entropy: 0.9926 | Val Loss: 0.7518 | Val Acc: 0.5263
Epoch Time: 124.19s
New best validation loss: 0.7518
Checkpoint saved: /projects/e32998/MIL_training/final_runs/run_20260318_122740/checkpoints/20260318_122945_HierarchicalAttnMIL_epoch1.pth
Best checkpoint updated: /projects/e32998/MIL_training/final_runs/run_20260318_122740/checkpoints/best.pth

Epoch 2/30 (LR: 2.08e-04)
Train Loss: 0.5090 | Train CE: 0.5100 | Train Patch Entropy: 0.9731 | Val Loss: 0.3078 | Val Acc: 0.8421
Epoch Time: 123.38s
New best validation loss: 0.3078
Checkpoint saved: /projects/e32998/MIL_training/final_runs/run_20260318_122740/checkpoints/20260318_123148_HierarchicalAttnMIL_epoch2.pth
Best checkpoint updated: /projects/e32998/MIL_training/final_runs/run_20260318_122740/checkpoints/best.pth

Epoch 3/30 (LR: 2.08e-04)
Train Loss: 0.2956 | Train CE: 0.2965 | Train Patch Entropy: 0.9487 | Val Loss: 0.4893 | Val Acc: 0.6842
Epoch Time: 136.48s
No improvement for 1 epoch(s)
Checkpoint saved: /projects/e32998/MIL_training/final_runs/run_20260318_122740/checkpoints/20260318_123405_HierarchicalAttnMIL_epoch3.pth

Epoch 4/30 (LR: 2.08e-04)
Train Loss: 0.1018 | Train CE: 0.1027 | Train Patch Entropy: 0.9334 | Val Loss: 0.2614 | Val Acc: 0.8947
Epoch Time: 137.78s
New best validation loss: 0.2614
Checkpoint saved: /projects/e32998/MIL_training/final_runs/run_20260318_122740/checkpoints/20260318_123623_HierarchicalAttnMIL_epoch4.pth
Best checkpoint updated: /projects/e32998/MIL_training/final_runs/run_20260318_122740/checkpoints/best.pth

Epoch 5/30 (LR: 2.08e-04)
Train Loss: 0.0182 | Train CE: 0.0191 | Train Patch Entropy: 0.9059 | Val Loss: 0.2556 | Val Acc: 0.8947
Epoch Time: 127.74s
New best validation loss: 0.2556
Checkpoint saved: /projects/e32998/MIL_training/final_runs/run_20260318_122740/checkpoints/20260318_123830_HierarchicalAttnMIL_epoch5.pth
Best checkpoint updated: /projects/e32998/MIL_training/final_runs/run_20260318_122740/checkpoints/best.pth

Epoch 6/30 (LR: 2.08e-04)
Train Loss: 0.0028 | Train CE: 0.0037 | Train Patch Entropy: 0.8759 | Val Loss: 0.2490 | Val Acc: 0.8421
Epoch Time: 120.36s
New best validation loss: 0.2490
Checkpoint saved: /projects/e32998/MIL_training/final_runs/run_20260318_122740/checkpoints/20260318_124031_HierarchicalAttnMIL_epoch6.pth
Best checkpoint updated: /projects/e32998/MIL_training/final_runs/run_20260318_122740/checkpoints/best.pth

Epoch 7/30 (LR: 2.08e-04)
